lobby_issue_id,issue_name,issue_description,Year,Quarter,lobbying_expenses
756,ACC,Accounting,2013,4,2172347.52145191400
756,ACC,Accounting,2014,3,2545709.46904761899
756,ACC,Accounting,2015,2,2180009.64787581693
756,ACC,Accounting,2016,1,2242660.11981677698
756,ACC,Accounting,2016,4,1778243.68786075029
756,ACC,Accounting,2017,3,2329256.92536181133
756,ACC,Accounting,2018,2,2821406.00785617880
756,ACC,Accounting,2019,1,3211781.83809523803
756,ACC,Accounting,2019,4,3002852.48760667048
756,ACC,Accounting,2020,3,3028082.49403948391
756,ACC,Accounting,2021,2,2327907.10980392150
756,ACC,Accounting,2022,1,2626974.33426704010
756,ACC,Accounting,2022,4,2693086.85224089625
756,ACC,Accounting,2023,3,2396616.56498240316
756,ACC,Accounting,2024,2,2248907.21176046168
757,HOM,Homeland Security,2010,3,18509241.85609252936
757,HOM,Homeland Security,2011,2,18947392.22885014484
757,HOM,Homeland Security,2012,1,21722362.89259748345
758,ADV,Advertising,2019,4,2170512.86009852214
758,ADV,Advertising,2020,3,1871050.25768933708
758,ADV,Advertising,2021,2,1953178.87904252604
758,ADV,Advertising,2022,1,1876566.75789406666
758,ADV,Advertising,2022,4,2052472.60262286726
758,ADV,Advertising,2023,3,2233612.12757830402
758,ADV,Advertising,2024,2,2250708.09672783350
759,HOU,Housing,2010,3,6589689.16352027697
759,HOU,Housing,2011,2,6712573.21173606192
759,HOU,Housing,2012,1,6701486.25596817749
759,HOU,Housing,2012,4,7317745.56929232980
759,HOU,Housing,2013,3,6754055.10819295889
759,HOU,Housing,2014,2,7594879.90648926191
759,HOU,Housing,2015,1,6791525.72814113946
759,HOU,Housing,2015,4,6930389.04962899124
759,HOU,Housing,2016,3,6623455.59269758339
759,HOU,Housing,2017,2,6310177.43957622995
759,HOU,Housing,2018,1,7412870.33638612801
761,IMM,Immigration,2012,4,11175276.06092898986
761,IMM,Immigration,2013,3,20704447.34442266133
761,IMM,Immigration,2014,2,16589195.20525009296
761,IMM,Immigration,2015,1,13717147.53523457878
761,IMM,Immigration,2015,4,12925420.42167314900
761,IMM,Immigration,2016,3,11620180.47603367863
761,IMM,Immigration,2017,2,14412118.30829511608
761,IMM,Immigration,2018,1,17592263.24066090587
761,IMM,Immigration,2018,4,16794448.02598558891
761,IMM,Immigration,2019,3,15173023.44504184230
761,IMM,Immigration,2020,2,15103975.97018854173
761,IMM,Immigration,2021,1,16951689.60413644605
762,AGR,Agriculture,2010,2,14197909.53879699684
762,AGR,Agriculture,2011,1,14036528.36756783071
763,IND,Indian/Native American Affairs,2018,4,6451732.07139918887
763,IND,Indian/Native American Affairs,2019,3,6235410.88958117886
763,IND,Indian/Native American Affairs,2020,2,6860488.70514354902
763,IND,Indian/Native American Affairs,2021,1,5467831.43878782017
763,IND,Indian/Native American Affairs,2021,4,5323850.47825332546
763,IND,Indian/Native American Affairs,2022,3,6118213.76576359297
763,IND,Indian/Native American Affairs,2023,2,6528004.39887492605
763,IND,Indian/Native American Affairs,2024,1,6890808.16441227831
763,IND,Indian/Native American Affairs,2024,4,7194606.97075526796
764,ALC,Alcohol & Drug Abuse,2010,2,1359351.37957875451
764,ALC,Alcohol & Drug Abuse,2011,1,1081481.96165536584
764,ALC,Alcohol & Drug Abuse,2011,4,798126.36863335071
764,ALC,Alcohol & Drug Abuse,2012,3,1220714.96965811956
757,HOM,Homeland Security,2020,4,20420814.25094367145
757,HOM,Homeland Security,2021,3,20790119.47035122631
757,HOM,Homeland Security,2022,2,21787153.56566121279
757,HOM,Homeland Security,2023,1,21132747.13097353717
757,HOM,Homeland Security,2023,4,21079069.02115399972
757,HOM,Homeland Security,2024,3,22401140.57705339842
758,ADV,Advertising,2010,2,4678741.48239538225
758,ADV,Advertising,2011,1,4925477.90896293239
760,AER,Aerospace,2010,2,4040843.63761238744
760,AER,Aerospace,2011,1,4200680.72851037834
760,AER,Aerospace,2011,4,4134821.36470473955
760,AER,Aerospace,2012,3,4399086.98200688184
760,AER,Aerospace,2013,2,4396266.41129703612
760,AER,Aerospace,2014,1,3436707.78074776083
760,AER,Aerospace,2014,4,4020707.56348096329
760,AER,Aerospace,2015,3,3152463.93200263770
760,AER,Aerospace,2016,2,3488051.32102603263
760,AER,Aerospace,2017,1,4625460.12867541800
761,IMM,Immigration,2010,3,8049033.51238429981
761,IMM,Immigration,2011,2,8462451.85647508615
761,IMM,Immigration,2012,1,8163821.22050348536
762,AGR,Agriculture,2011,4,14642011.42056490834
762,AGR,Agriculture,2012,3,18763689.55325266901
762,AGR,Agriculture,2013,2,20520040.96007784042
762,AGR,Agriculture,2014,1,18138357.98841327711
762,AGR,Agriculture,2014,4,16869514.02273326125
762,AGR,Agriculture,2015,3,14389281.66858468249
762,AGR,Agriculture,2016,2,15523430.27486112486
762,AGR,Agriculture,2017,1,16601747.26998320224
762,AGR,Agriculture,2017,4,15916261.56363810994
762,AGR,Agriculture,2018,3,19938985.02269056542
762,AGR,Agriculture,2019,2,18931040.45520609994
762,AGR,Agriculture,2020,1,18760748.53513668554
763,IND,Indian/Native American Affairs,2010,3,5729765.38185286916
763,IND,Indian/Native American Affairs,2011,2,5477794.88083942184
763,IND,Indian/Native American Affairs,2012,1,6437660.05115771748
763,IND,Indian/Native American Affairs,2012,4,6759407.72291222275
763,IND,Indian/Native American Affairs,2013,3,6528693.89321789306
763,IND,Indian/Native American Affairs,2014,2,7199549.76457022834
763,IND,Indian/Native American Affairs,2015,1,7238843.74206349191
763,IND,Indian/Native American Affairs,2015,4,7012894.04166666648
763,IND,Indian/Native American Affairs,2016,3,7176787.53357753340
763,IND,Indian/Native American Affairs,2017,2,6309346.96022615360
763,IND,Indian/Native American Affairs,2018,1,7340305.88872238858
764,ALC,Alcohol & Drug Abuse,2014,4,1979122.82440476183
764,ALC,Alcohol & Drug Abuse,2015,3,2185986.22347423810
764,ALC,Alcohol & Drug Abuse,2016,2,2621645.33507211731
764,ALC,Alcohol & Drug Abuse,2017,1,2604544.21585213022
764,ALC,Alcohol & Drug Abuse,2017,4,2443695.09502262429
764,ALC,Alcohol & Drug Abuse,2018,3,2781142.50236291471
764,ALC,Alcohol & Drug Abuse,2019,2,2038096.50038898287
764,ALC,Alcohol & Drug Abuse,2020,1,2084703.23081412040
764,ALC,Alcohol & Drug Abuse,2020,4,1494637.25465506706
764,ALC,Alcohol & Drug Abuse,2021,3,1499050.45254288183
764,ALC,Alcohol & Drug Abuse,2022,2,1646240.85278712251
764,ALC,Alcohol & Drug Abuse,2023,1,1870786.18918914406
764,ALC,Alcohol & Drug Abuse,2023,4,1525048.12637362627
764,ALC,Alcohol & Drug Abuse,2024,3,1363624.35302197794
765,INS,Insurance,2012,4,12543295.53532842243
765,INS,Insurance,2013,3,14638977.88703078781
756,ACC,Accounting,2010,3,2735070.92151970829
756,ACC,Accounting,2011,2,1850342.70350877190
756,ACC,Accounting,2012,1,2270983.20619434761
756,ACC,Accounting,2012,4,4105939.95883740880
756,ACC,Accounting,2013,3,2184096.61080047396
756,ACC,Accounting,2014,2,2490070.04509043920
756,ACC,Accounting,2015,1,2023122.39801587296
756,ACC,Accounting,2015,4,1872598.86738963642
756,ACC,Accounting,2016,3,1864177.37689393933
756,ACC,Accounting,2017,2,2410953.27207402806
756,ACC,Accounting,2018,1,3195972.00829725823
756,ACC,Accounting,2018,4,2525414.53841041990
756,ACC,Accounting,2019,3,2741071.35037593977
756,ACC,Accounting,2020,2,3007232.61601921464
756,ACC,Accounting,2021,1,2712358.79508318473
757,HOM,Homeland Security,2010,1,19564364.16469738969
757,HOM,Homeland Security,2010,4,18424813.71330856114
757,HOM,Homeland Security,2011,3,18524631.67148974353
757,HOM,Homeland Security,2012,2,21842446.77092909424
757,HOM,Homeland Security,2013,1,24032003.00077538935
757,HOM,Homeland Security,2013,4,22705038.00416989696
757,HOM,Homeland Security,2014,3,21421250.48920730605
757,HOM,Homeland Security,2015,2,22907288.90374479221
757,HOM,Homeland Security,2016,1,21926084.58408575163
758,ADV,Advertising,2015,4,2616288.86539879105
758,ADV,Advertising,2016,3,2525175.64969474964
758,ADV,Advertising,2017,2,2873531.24126984122
758,ADV,Advertising,2018,1,3189930.10195360187
758,ADV,Advertising,2018,4,2415878.50447330444
758,ADV,Advertising,2019,3,2058180.41341991339
758,ADV,Advertising,2020,2,2165027.41109249169
758,ADV,Advertising,2021,1,1973403.99229936723
758,ADV,Advertising,2021,4,1743902.26693681419
758,ADV,Advertising,2022,3,1965261.02890247003
758,ADV,Advertising,2023,2,2316194.19306184008
758,ADV,Advertising,2024,1,2346122.93992557146
758,ADV,Advertising,2024,4,2463973.60826308190
759,HOU,Housing,2010,4,6438478.54398542589
759,HOU,Housing,2011,3,6392078.40085827430
759,HOU,Housing,2012,2,7064490.57790076899
759,HOU,Housing,2013,1,6728603.83230216450
759,HOU,Housing,2013,4,7257032.21959460013
759,HOU,Housing,2014,3,7552518.72869363454
759,HOU,Housing,2015,2,6274691.27603531622
759,HOU,Housing,2016,1,6680799.68603691588
759,HOU,Housing,2016,4,6687682.30281800163
759,HOU,Housing,2017,3,6345004.67712333346
759,HOU,Housing,2018,2,7197534.90917123767
759,HOU,Housing,2019,1,7999890.04125538152
759,HOU,Housing,2019,4,7629698.20801632357
759,HOU,Housing,2020,3,8942105.42289655976
759,HOU,Housing,2021,2,8575503.41677721592
759,HOU,Housing,2022,1,9266926.13942882827
760,AER,Aerospace,2021,4,5287482.43935182447
760,AER,Aerospace,2022,3,5809374.25623696547
760,AER,Aerospace,2023,2,6529449.76868889260
760,AER,Aerospace,2024,1,7372633.74820191823
760,AER,Aerospace,2024,4,7069396.74324692226
761,IMM,Immigration,2016,4,11886544.36240820070
761,IMM,Immigration,2017,3,15985588.68280506522
761,IMM,Immigration,2018,2,17957707.95609524092
761,IMM,Immigration,2019,1,15307079.30350082406
761,IMM,Immigration,2019,4,14961148.79514912038
761,IMM,Immigration,2020,3,16999652.32908375739
761,IMM,Immigration,2021,2,16891237.02845411028
761,IMM,Immigration,2022,1,17199123.50855876327
761,IMM,Immigration,2022,4,15950779.66703850428
756,ACC,Accounting,2017,4,2659375.38699494941
756,ACC,Accounting,2018,3,2730649.67504192498
756,ACC,Accounting,2019,2,3286081.31372801367
756,ACC,Accounting,2020,1,3109246.39822116257
756,ACC,Accounting,2020,4,3483513.41174345501
756,ACC,Accounting,2021,3,2251728.57964519134
756,ACC,Accounting,2022,2,2391204.68125583558
756,ACC,Accounting,2023,1,3068393.48412698407
756,ACC,Accounting,2023,4,2324918.42097445031
756,ACC,Accounting,2024,3,2150864.35948963308
757,HOM,Homeland Security,2012,4,26294556.15204165353
757,HOM,Homeland Security,2013,3,21211623.30112327926
757,HOM,Homeland Security,2014,2,22871452.15854664141
757,HOM,Homeland Security,2015,1,22783471.49228937022
757,HOM,Homeland Security,2015,4,22482398.39916826272
757,HOM,Homeland Security,2016,3,20205992.63922938423
757,HOM,Homeland Security,2017,2,22265460.89390513718
757,HOM,Homeland Security,2018,1,23987740.81801675446
757,HOM,Homeland Security,2018,4,22056621.38797784498
757,HOM,Homeland Security,2019,3,22277419.88552345378
757,HOM,Homeland Security,2020,2,19663382.67495301943
757,HOM,Homeland Security,2021,1,19646594.62642655996
757,HOM,Homeland Security,2021,4,21886576.35579196942
757,HOM,Homeland Security,2022,3,20139666.54818502871
757,HOM,Homeland Security,2023,2,20349008.95512581872
757,HOM,Homeland Security,2024,1,24227717.05481019792
758,ADV,Advertising,2010,1,4180306.03165053888
758,ADV,Advertising,2010,4,4119026.87278244625
758,ADV,Advertising,2011,3,4286058.39084575547
758,ADV,Advertising,2012,2,4289790.37969873255
758,ADV,Advertising,2013,1,4861227.47887945377
758,ADV,Advertising,2013,4,3269265.99976167614
758,ADV,Advertising,2014,3,3656840.77773980398
758,ADV,Advertising,2015,2,3252959.16356845762
758,ADV,Advertising,2016,1,2992226.74509803915
758,ADV,Advertising,2016,4,2601613.68571428566
758,ADV,Advertising,2017,3,2895953.18193277305
758,ADV,Advertising,2018,2,3139393.09584859578
758,ADV,Advertising,2019,1,3075834.05382395377
759,HOU,Housing,2010,2,7904089.44488612192
759,HOU,Housing,2011,1,6892110.34033357272
759,HOU,Housing,2011,4,6519684.58476611445
759,HOU,Housing,2012,3,6800397.19390790609
759,HOU,Housing,2013,2,6789320.55523533427
759,HOU,Housing,2014,1,6811699.60527445933
761,IMM,Immigration,2021,4,16386886.02739905617
761,IMM,Immigration,2022,3,15588315.58511612422
761,IMM,Immigration,2023,2,15951332.95767962166
761,IMM,Immigration,2024,1,16443418.77960112350
761,IMM,Immigration,2024,4,14535793.00596885070
762,AGR,Agriculture,2019,4,16593286.87357958160
762,AGR,Agriculture,2020,3,17001699.94902712797
762,AGR,Agriculture,2021,2,18670402.28754952868
762,AGR,Agriculture,2022,1,19537716.14913126405
762,AGR,Agriculture,2022,4,21772079.54396562722
762,AGR,Agriculture,2023,3,28352991.53395399260
762,AGR,Agriculture,2024,2,28140361.45395643936
763,IND,Indian/Native American Affairs,2014,4,7231854.45535744975
763,IND,Indian/Native American Affairs,2015,3,6957270.81167721152
763,IND,Indian/Native American Affairs,2016,2,7579563.24045105204
763,IND,Indian/Native American Affairs,2017,1,6559910.29403276447
763,IND,Indian/Native American Affairs,2017,4,7056527.34940059921
763,IND,Indian/Native American Affairs,2018,3,6322574.06416424048
756,ACC,Accounting,2021,4,2442552.79702487048
756,ACC,Accounting,2022,3,2318934.49883286639
756,ACC,Accounting,2023,2,2538836.02777777771
756,ACC,Accounting,2024,1,2589158.80670146840
756,ACC,Accounting,2024,4,2093359.23480604353
757,HOM,Homeland Security,2010,2,18628756.27207342178
757,HOM,Homeland Security,2011,1,18579825.71730252404
757,HOM,Homeland Security,2011,4,21240511.63816927652
757,HOM,Homeland Security,2012,3,23497195.38614303669
757,HOM,Homeland Security,2013,2,21908568.73363500007
757,HOM,Homeland Security,2014,1,22535261.77653752369
757,HOM,Homeland Security,2014,4,22088865.78979628480
757,HOM,Homeland Security,2015,3,22144988.01792292564
757,HOM,Homeland Security,2016,2,20909373.46259855064
757,HOM,Homeland Security,2017,1,23165513.37837739654
757,HOM,Homeland Security,2017,4,22648007.24922723004
757,HOM,Homeland Security,2018,3,22197664.59143478156
757,HOM,Homeland Security,2019,2,21521007.10063477716
757,HOM,Homeland Security,2020,1,24679959.77696327985
758,ADV,Advertising,2011,4,4543545.08893590060
758,ADV,Advertising,2012,3,3852197.88187955823
758,ADV,Advertising,2013,2,3726259.62232865162
758,ADV,Advertising,2014,1,4290342.93929977820
758,ADV,Advertising,2014,4,3783256.94596339327
758,ADV,Advertising,2015,3,2647020.98873744068
758,ADV,Advertising,2016,2,2660333.05811965806
758,ADV,Advertising,2017,1,3101039.50912698408
758,ADV,Advertising,2017,4,3082684.97360972355
758,ADV,Advertising,2018,3,2255147.52380952375
758,ADV,Advertising,2019,2,2639889.52380952377
758,ADV,Advertising,2020,1,2073108.15714285711
758,ADV,Advertising,2020,4,1813698.36572427570
758,ADV,Advertising,2021,3,1794737.04558186904
758,ADV,Advertising,2022,2,2064545.80236185377
758,ADV,Advertising,2023,1,2050656.16246498596
759,HOU,Housing,2010,1,7754513.93967258185
760,AER,Aerospace,2010,1,3216337.15344932829
760,AER,Aerospace,2010,4,4267486.73393273377
760,AER,Aerospace,2011,3,4414277.39809536853
760,AER,Aerospace,2012,2,4444202.77357919842
760,AER,Aerospace,2013,1,4465347.15127095109
761,IMM,Immigration,2020,4,17102658.47652721438
761,IMM,Immigration,2021,3,16769854.01266635032
761,IMM,Immigration,2022,2,15810103.92367946073
761,IMM,Immigration,2023,1,15755126.03360809133
761,IMM,Immigration,2023,4,15167143.75990452954
761,IMM,Immigration,2024,3,13522025.63380136661
762,AGR,Agriculture,2020,4,17399213.76008599745
762,AGR,Agriculture,2021,3,17244739.01797613180
762,AGR,Agriculture,2022,2,20818616.09358266824
762,AGR,Agriculture,2023,1,27079716.27446252964
762,AGR,Agriculture,2023,4,27733044.32272483992
762,AGR,Agriculture,2024,3,28283640.93008428694
763,IND,Indian/Native American Affairs,2010,4,5967907.58132423113
763,IND,Indian/Native American Affairs,2011,3,5021314.43116050598
763,IND,Indian/Native American Affairs,2012,2,6364257.77635150118
763,IND,Indian/Native American Affairs,2013,1,6167237.03825546419
763,IND,Indian/Native American Affairs,2013,4,6588531.42002441986
763,IND,Indian/Native American Affairs,2014,3,7307832.67566365819
763,IND,Indian/Native American Affairs,2015,2,7495897.76312576293
763,IND,Indian/Native American Affairs,2016,1,7047180.65898844116
763,IND,Indian/Native American Affairs,2016,4,6848092.75839438323
757,HOM,Homeland Security,2016,4,20721386.24760613812
757,HOM,Homeland Security,2017,3,20869331.57813105839
757,HOM,Homeland Security,2018,2,21790461.48768729436
757,HOM,Homeland Security,2019,1,22402810.71697543147
757,HOM,Homeland Security,2019,4,22252929.59083127911
757,HOM,Homeland Security,2020,3,19792371.44093601087
757,HOM,Homeland Security,2021,2,19407062.86625692397
757,HOM,Homeland Security,2022,1,22569462.33461064377
757,HOM,Homeland Security,2022,4,19869045.75992207313
757,HOM,Homeland Security,2023,3,19504150.38917103955
757,HOM,Homeland Security,2024,2,22195207.63609556589
758,ADV,Advertising,2010,3,4610475.87698412684
758,ADV,Advertising,2011,2,4349184.76281039211
758,ADV,Advertising,2012,1,4424255.60260132017
758,ADV,Advertising,2012,4,3809589.47581585072
758,ADV,Advertising,2013,3,3434196.42657342647
758,ADV,Advertising,2014,2,3883916.47704823547
758,ADV,Advertising,2015,1,3630222.02380952374
759,HOU,Housing,2022,4,10899465.42083264121
759,HOU,Housing,2023,3,11154951.59198786190
759,HOU,Housing,2024,2,12095197.04461049719
760,AER,Aerospace,2010,3,3619220.01185481168
760,AER,Aerospace,2011,2,4032693.37606837593
760,AER,Aerospace,2012,1,4214465.82520257505
760,AER,Aerospace,2012,4,4663452.18556443539
760,AER,Aerospace,2013,3,3799739.05851093333
760,AER,Aerospace,2014,2,3373114.40176490158
760,AER,Aerospace,2015,1,3130421.47864357849
760,AER,Aerospace,2015,4,3965349.73874491505
760,AER,Aerospace,2016,3,3803141.40364455792
760,AER,Aerospace,2017,2,5174968.37312687296
760,AER,Aerospace,2018,1,5820974.41328834545
760,AER,Aerospace,2018,4,4700039.84740422957
760,AER,Aerospace,2019,3,4603888.45379474310
760,AER,Aerospace,2020,2,5035505.44853479835
760,AER,Aerospace,2021,1,5649131.93679098662
762,AGR,Agriculture,2015,4,14170222.26967664171
762,AGR,Agriculture,2016,3,14780454.69015400671
762,AGR,Agriculture,2017,2,16036344.10752633495
762,AGR,Agriculture,2018,1,19169759.78390168652
762,AGR,Agriculture,2018,4,19732426.91534296322
762,AGR,Agriculture,2019,3,17051619.75087153883
762,AGR,Agriculture,2020,2,18335289.93111184363
762,AGR,Agriculture,2021,1,16862720.83202004297
762,AGR,Agriculture,2021,4,17744944.14824329481
762,AGR,Agriculture,2022,3,21188117.05110949817
762,AGR,Agriculture,2023,2,28089131.41608629049
762,AGR,Agriculture,2024,1,28509346.01558051362
763,IND,Indian/Native American Affairs,2010,2,5721481.92491585197
763,IND,Indian/Native American Affairs,2011,1,5384491.69962295371
763,IND,Indian/Native American Affairs,2011,4,5529403.27346463045
763,IND,Indian/Native American Affairs,2012,3,6747234.35865523348
763,IND,Indian/Native American Affairs,2013,2,6315663.66376532809
763,IND,Indian/Native American Affairs,2014,1,7009090.05001323187
764,ALC,Alcohol & Drug Abuse,2018,4,2239860.33090455281
764,ALC,Alcohol & Drug Abuse,2019,3,2090677.56663907977
764,ALC,Alcohol & Drug Abuse,2020,2,1782613.12810800299
764,ALC,Alcohol & Drug Abuse,2021,1,1369787.95388842013
764,ALC,Alcohol & Drug Abuse,2021,4,1657706.23951375407
764,ALC,Alcohol & Drug Abuse,2022,3,1474615.31711883392
764,ALC,Alcohol & Drug Abuse,2023,2,1518730.97036630026
764,ALC,Alcohol & Drug Abuse,2024,1,1504997.88721001209
756,ACC,Accounting,2010,1,2884745.26139082788
756,ACC,Accounting,2010,4,2342117.01244019133
756,ACC,Accounting,2011,3,1940901.33297682707
756,ACC,Accounting,2012,2,3036525.48375243370
756,ACC,Accounting,2013,1,2901858.29047619044
758,ADV,Advertising,2023,4,2028068.77990430620
758,ADV,Advertising,2024,3,2297296.55213207840
759,HOU,Housing,2018,4,7146544.94533500506
759,HOU,Housing,2019,3,7304604.87902930352
759,HOU,Housing,2020,2,7613769.29931657554
759,HOU,Housing,2021,1,7751204.22466619717
759,HOU,Housing,2021,4,9775048.58990639506
759,HOU,Housing,2022,3,11547682.43576803252
759,HOU,Housing,2023,2,11463029.12293938317
759,HOU,Housing,2024,1,12649720.52121706058
759,HOU,Housing,2024,4,12687841.34049997063
760,AER,Aerospace,2013,4,4488653.07649572632
760,AER,Aerospace,2014,3,3103477.10338272820
760,AER,Aerospace,2015,2,4043677.50166647059
760,AER,Aerospace,2016,1,4271860.77100546493
760,AER,Aerospace,2016,4,4258496.58744605054
760,AER,Aerospace,2017,3,5146335.57747257881
760,AER,Aerospace,2018,2,4272622.84107722324
760,AER,Aerospace,2019,1,5633285.85170711622
760,AER,Aerospace,2019,4,5328081.44368748324
760,AER,Aerospace,2020,3,5129927.53730488717
760,AER,Aerospace,2021,2,5398386.61432105890
760,AER,Aerospace,2022,1,6064606.34760664156
760,AER,Aerospace,2022,4,6602374.71199232121
760,AER,Aerospace,2023,3,6677640.15340548320
760,AER,Aerospace,2024,2,6929249.02098237135
761,IMM,Immigration,2010,2,7555981.02982074029
761,IMM,Immigration,2011,1,7501767.22870569152
761,IMM,Immigration,2011,4,8470019.00203924378
761,IMM,Immigration,2012,3,9446563.32703945167
761,IMM,Immigration,2013,2,23694762.83067114950
761,IMM,Immigration,2014,1,17373115.82648341479
761,IMM,Immigration,2014,4,13656765.13896927416
761,IMM,Immigration,2015,3,12533116.61915032781
761,IMM,Immigration,2016,2,11750116.08787931595
761,IMM,Immigration,2017,1,14858513.36149234679
761,IMM,Immigration,2017,4,19159202.89818019053
761,IMM,Immigration,2018,3,17928144.13502101990
761,IMM,Immigration,2019,2,15167226.42313604956
761,IMM,Immigration,2020,1,13678761.27541423431
762,AGR,Agriculture,2010,3,12160296.91985550901
762,AGR,Agriculture,2011,2,14661574.86059279189
762,AGR,Agriculture,2012,1,17239617.75840610316
762,AGR,Agriculture,2012,4,17162483.60960989369
762,AGR,Agriculture,2013,3,17999853.40615801076
762,AGR,Agriculture,2014,2,15265470.91589365478
762,AGR,Agriculture,2015,1,15456801.33418183472
763,IND,Indian/Native American Affairs,2010,1,5385546.18578023263
764,ALC,Alcohol & Drug Abuse,2022,4,1425202.69352671825
764,ALC,Alcohol & Drug Abuse,2023,3,1305319.22810855800
764,ALC,Alcohol & Drug Abuse,2024,2,1463632.16101953593
765,INS,Insurance,2017,4,15977264.70435752785
765,INS,Insurance,2018,3,14802878.83555532334
765,INS,Insurance,2019,2,16146335.79789299607
765,INS,Insurance,2020,1,15832602.11611979119
765,INS,Insurance,2020,4,15122465.36824511435
765,INS,Insurance,2021,3,14735853.27857637684
765,INS,Insurance,2022,2,14000429.55618360361
765,INS,Insurance,2023,1,18267293.60935920772
765,INS,Insurance,2023,4,15547489.17491652758
765,INS,Insurance,2024,3,15687336.81297425065
766,ANI,Animals,2012,4,2062968.99467215782
756,ACC,Accounting,2010,2,2898920.89849420293
756,ACC,Accounting,2011,1,1916593.98431372546
756,ACC,Accounting,2011,4,2125408.28303167418
756,ACC,Accounting,2012,3,3819091.74047619043
756,ACC,Accounting,2013,2,2882720.97073074838
756,ACC,Accounting,2014,1,2148725.90905410936
756,ACC,Accounting,2014,4,2494247.25603428096
756,ACC,Accounting,2015,3,1861767.94570021472
756,ACC,Accounting,2016,2,2093753.51742424236
756,ACC,Accounting,2017,1,2656011.47718253964
757,HOM,Homeland Security,2024,4,21949579.09842349590
759,HOU,Housing,2014,4,6678180.71285538789
759,HOU,Housing,2015,3,5961278.56101316949
759,HOU,Housing,2016,2,6076676.59429973151
759,HOU,Housing,2017,1,6917031.46411742673
759,HOU,Housing,2017,4,7457362.76774136608
759,HOU,Housing,2018,3,7964345.90071674068
759,HOU,Housing,2019,2,7192943.65914316965
759,HOU,Housing,2020,1,7882910.95339379070
759,HOU,Housing,2020,4,8501826.87963180561
759,HOU,Housing,2021,3,8908173.80215582433
759,HOU,Housing,2022,2,10293930.47060286240
759,HOU,Housing,2023,1,11600650.15219524132
759,HOU,Housing,2023,4,12317336.62595105214
759,HOU,Housing,2024,3,13585824.00799263876
760,AER,Aerospace,2017,4,4558225.55417662385
760,AER,Aerospace,2018,3,4988146.78171466390
760,AER,Aerospace,2019,2,5225424.87087413534
760,AER,Aerospace,2020,1,6461881.03281006709
760,AER,Aerospace,2020,4,5694686.20431610414
760,AER,Aerospace,2021,3,5651374.30256965236
760,AER,Aerospace,2022,2,5662328.81779394992
760,AER,Aerospace,2023,1,7155052.47480630465
760,AER,Aerospace,2023,4,7004349.75881192366
760,AER,Aerospace,2024,3,6876172.29033344122
761,IMM,Immigration,2010,1,8113563.15158629479
761,IMM,Immigration,2010,4,7949314.98397958616
761,IMM,Immigration,2011,3,8338422.92092103745
761,IMM,Immigration,2012,2,9683583.59808259831
761,IMM,Immigration,2013,1,16089958.76967763430
761,IMM,Immigration,2013,4,20065802.31901239878
761,IMM,Immigration,2014,3,15138262.89891593701
761,IMM,Immigration,2015,2,13653128.32889774409
761,IMM,Immigration,2016,1,12646034.48152690299
762,AGR,Agriculture,2010,1,14943405.66749679534
762,AGR,Agriculture,2010,4,12167636.11745903651
762,AGR,Agriculture,2011,3,14102192.95765505490
762,AGR,Agriculture,2012,2,18264914.36552916847
762,AGR,Agriculture,2013,1,17762139.07908943251
762,AGR,Agriculture,2013,4,17363690.75476210662
762,AGR,Agriculture,2014,3,15036488.09695237339
762,AGR,Agriculture,2015,2,15986657.56329854275
762,AGR,Agriculture,2016,1,15510631.89910987447
762,AGR,Agriculture,2016,4,14662022.52157546965
762,AGR,Agriculture,2017,3,15232348.47088512964
762,AGR,Agriculture,2018,2,20551692.14221527395
762,AGR,Agriculture,2019,1,18430644.52600912910
763,IND,Indian/Native American Affairs,2023,4,6691368.07377185914
763,IND,Indian/Native American Affairs,2024,3,7161237.39709559431
765,INS,Insurance,2013,4,14943553.91552477401
765,INS,Insurance,2014,3,17160239.81682968138
765,INS,Insurance,2015,2,13896780.31142443690
765,INS,Insurance,2016,1,13608558.43242500502
765,INS,Insurance,2016,4,12462634.22585747555
765,INS,Insurance,2017,3,14322494.28602864399
765,INS,Insurance,2018,2,13161609.42241516616
765,INS,Insurance,2019,1,16766033.86000330039
764,ALC,Alcohol & Drug Abuse,2013,2,1440057.45201204019
764,ALC,Alcohol & Drug Abuse,2014,1,2294865.66024237190
765,INS,Insurance,2021,4,15126604.19825872408
765,INS,Insurance,2022,3,16514202.66120836293
765,INS,Insurance,2023,2,14752536.70115304290
765,INS,Insurance,2024,1,17238987.44180314499
765,INS,Insurance,2024,4,16273253.82155268071
766,ANI,Animals,2011,4,1553715.97088102130
766,ANI,Animals,2012,3,2224693.63879487932
766,ANI,Animals,2013,2,2019967.53481570879
766,ANI,Animals,2014,1,2304312.21763516829
766,ANI,Animals,2014,4,2076456.50984950708
766,ANI,Animals,2015,3,2390865.07069992250
766,ANI,Animals,2016,2,2299957.33915496254
766,ANI,Animals,2017,1,2160059.44964341197
766,ANI,Animals,2017,4,2687963.28731407466
766,ANI,Animals,2018,3,2719735.24252342619
766,ANI,Animals,2019,2,2436585.69819069799
766,ANI,Animals,2020,1,2987716.76600066581
767,INT,Intelligence and Surveillance,2010,1,1613247.20476854765
768,APP,Apparel/Clothing Industry/Textiles,2014,4,209023.39610389607
768,APP,Apparel/Clothing Industry/Textiles,2015,3,258681.18822843819
768,APP,Apparel/Clothing Industry/Textiles,2016,2,245524.01515151514
768,APP,Apparel/Clothing Industry/Textiles,2017,1,133939.43181818181
768,APP,Apparel/Clothing Industry/Textiles,2017,4,117273.18181818181
768,APP,Apparel/Clothing Industry/Textiles,2018,3,154799.33333333332
768,APP,Apparel/Clothing Industry/Textiles,2019,2,261999.08333333333
768,APP,Apparel/Clothing Industry/Textiles,2020,1,366912.39999999999
768,APP,Apparel/Clothing Industry/Textiles,2020,4,467938.83030303027
768,APP,Apparel/Clothing Industry/Textiles,2021,3,360168.31721611717
768,APP,Apparel/Clothing Industry/Textiles,2022,2,581804.39523809517
768,APP,Apparel/Clothing Industry/Textiles,2023,1,523319.45079365076
768,APP,Apparel/Clothing Industry/Textiles,2023,4,803758.02698412697
768,APP,Apparel/Clothing Industry/Textiles,2024,3,923406.28470418467
769,LBR,Labor Issues/Antitrust/Workplace,2010,1,24469935.33231821571
769,LBR,Labor Issues/Antitrust/Workplace,2010,4,22252794.93173186455
769,LBR,Labor Issues/Antitrust/Workplace,2011,3,18995308.85590363259
769,LBR,Labor Issues/Antitrust/Workplace,2012,2,19440244.89926427217
769,LBR,Labor Issues/Antitrust/Workplace,2013,1,16926429.94461577571
770,ART,Arts/Entertainment,2020,4,1282977.35410422902
770,ART,Arts/Entertainment,2021,3,1501540.58152958144
770,ART,Arts/Entertainment,2022,2,1407257.07326007317
770,ART,Arts/Entertainment,2023,1,1534714.73819768114
770,ART,Arts/Entertainment,2023,4,1359636.60561660551
770,ART,Arts/Entertainment,2024,3,1391985.61315073810
771,LAW,Law Enforcement/Crime/Criminal Justice,2010,1,8949622.89601355930
771,LAW,Law Enforcement/Crime/Criminal Justice,2010,4,8030633.03151581762
771,LAW,Law Enforcement/Crime/Criminal Justice,2011,3,8523744.03330300529
771,LAW,Law Enforcement/Crime/Criminal Justice,2012,2,7593890.77472628350
771,LAW,Law Enforcement/Crime/Criminal Justice,2013,1,7587323.46617563710
771,LAW,Law Enforcement/Crime/Criminal Justice,2013,4,7154639.72973337766
771,LAW,Law Enforcement/Crime/Criminal Justice,2014,3,7541354.11833969526
771,LAW,Law Enforcement/Crime/Criminal Justice,2015,2,8787697.47094498144
771,LAW,Law Enforcement/Crime/Criminal Justice,2016,1,8992352.42426799839
765,INS,Insurance,2014,2,16515432.43824924065
765,INS,Insurance,2015,1,16943425.57838501330
765,INS,Insurance,2015,4,13489061.72785743640
765,INS,Insurance,2016,3,12107828.75036352505
765,INS,Insurance,2017,2,14830198.64499330404
765,INS,Insurance,2018,1,15967489.77167861347
765,INS,Insurance,2018,4,14569586.85474895721
765,INS,Insurance,2019,3,16934366.98208341326
765,INS,Insurance,2020,2,14731980.79251335135
765,INS,Insurance,2021,1,15436830.09366598844
766,ANI,Animals,2020,4,2273196.10814035618
766,ANI,Animals,2021,3,2692754.90925185910
766,ANI,Animals,2022,2,2673533.75096015075
766,ANI,Animals,2023,1,2549073.08239093185
766,ANI,Animals,2023,4,2720669.70331890313
766,ANI,Animals,2024,3,2955239.09927166040
767,INT,Intelligence and Surveillance,2015,4,4915836.70964003296
767,INT,Intelligence and Surveillance,2016,3,5043031.19156399136
767,INT,Intelligence and Surveillance,2017,2,5068816.14088134069
767,INT,Intelligence and Surveillance,2018,1,4777055.97475857458
767,INT,Intelligence and Surveillance,2018,4,4346610.80184684579
767,INT,Intelligence and Surveillance,2019,3,4458885.93137478262
767,INT,Intelligence and Surveillance,2020,2,4141147.96840381821
767,INT,Intelligence and Surveillance,2021,1,4454090.86173885776
767,INT,Intelligence and Surveillance,2021,4,4470634.85765297487
767,INT,Intelligence and Surveillance,2022,3,3748034.80159873163
767,INT,Intelligence and Surveillance,2023,2,2983354.11995000468
767,INT,Intelligence and Surveillance,2024,1,3684502.16258696789
767,INT,Intelligence and Surveillance,2024,4,3204093.18035373621
769,LBR,Labor Issues/Antitrust/Workplace,2021,4,28432687.51768256100
769,LBR,Labor Issues/Antitrust/Workplace,2022,3,30928331.13260177687
769,LBR,Labor Issues/Antitrust/Workplace,2023,2,30691057.02665876143
769,LBR,Labor Issues/Antitrust/Workplace,2024,1,32152086.40320734972
769,LBR,Labor Issues/Antitrust/Workplace,2024,4,29620920.60947301697
770,ART,Arts/Entertainment,2010,3,862493.32756132751
770,ART,Arts/Entertainment,2011,2,671855.67857142853
770,ART,Arts/Entertainment,2012,1,657481.94173881671
772,AUT,Automotive Industry,2010,3,6236931.61416595603
772,AUT,Automotive Industry,2011,2,5763127.74568242192
772,AUT,Automotive Industry,2012,1,4884703.37646706218
772,AUT,Automotive Industry,2012,4,4669763.20020268823
772,AUT,Automotive Industry,2013,3,3655447.09088163281
772,AUT,Automotive Industry,2014,2,3702181.72410873425
772,AUT,Automotive Industry,2015,1,3825727.97478354968
772,AUT,Automotive Industry,2015,4,4147877.01839625787
772,AUT,Automotive Industry,2016,3,4046812.31368729293
772,AUT,Automotive Industry,2017,2,4747047.14885808616
772,AUT,Automotive Industry,2018,1,5443400.21671397313
773,MAN,Manufacturing,2010,1,2547982.68506119253
773,MAN,Manufacturing,2010,4,2822442.09567071312
773,MAN,Manufacturing,2011,3,3413941.09048985055
773,MAN,Manufacturing,2012,2,3766382.89390263308
773,MAN,Manufacturing,2013,1,4119873.02309528253
774,AVI,Aviation/Aircraft/Airlines,2012,4,12066873.30353666343
774,AVI,Aviation/Aircraft/Airlines,2013,3,11064830.30555555516
774,AVI,Aviation/Aircraft/Airlines,2014,2,10629589.06093080767
774,AVI,Aviation/Aircraft/Airlines,2015,1,13287845.10469000348
761,IMM,Immigration,2023,3,14654380.48139033332
761,IMM,Immigration,2024,2,15026815.77790834981
762,AGR,Agriculture,2024,4,27240441.61639446763
763,IND,Indian/Native American Affairs,2019,4,7176672.60763859926
763,IND,Indian/Native American Affairs,2020,3,5773193.03864521344
763,IND,Indian/Native American Affairs,2021,2,5575702.35961334831
763,IND,Indian/Native American Affairs,2022,1,5628698.00296195019
763,IND,Indian/Native American Affairs,2022,4,5922151.01540284261
763,IND,Indian/Native American Affairs,2023,3,6399191.50596958583
763,IND,Indian/Native American Affairs,2024,2,6915156.17113442097
764,ALC,Alcohol & Drug Abuse,2010,1,1244456.19258127486
764,ALC,Alcohol & Drug Abuse,2010,4,936261.34822922170
764,ALC,Alcohol & Drug Abuse,2011,3,865359.26939726933
764,ALC,Alcohol & Drug Abuse,2012,2,1118240.96427583846
764,ALC,Alcohol & Drug Abuse,2013,1,1452530.46920024412
766,ANI,Animals,2010,1,1323655.28290990043
766,ANI,Animals,2010,4,1091328.66685907818
766,ANI,Animals,2011,3,1727226.38539528915
766,ANI,Animals,2012,2,1848532.89102254053
766,ANI,Animals,2013,1,2827379.52712842705
766,ANI,Animals,2013,4,1793002.93914973900
766,ANI,Animals,2014,3,2376995.21511879916
766,ANI,Animals,2015,2,2064816.76437255536
766,ANI,Animals,2016,1,2731595.97311137420
767,INT,Intelligence and Surveillance,2010,2,1603370.10089910080
767,INT,Intelligence and Surveillance,2011,1,1448928.17356074974
768,APP,Apparel/Clothing Industry/Textiles,2010,4,303693.45189897818
768,APP,Apparel/Clothing Industry/Textiles,2011,3,378234.01731601728
768,APP,Apparel/Clothing Industry/Textiles,2012,2,223272.06349206347
768,APP,Apparel/Clothing Industry/Textiles,2013,1,252061.09129759126
768,APP,Apparel/Clothing Industry/Textiles,2013,4,296503.37762237759
768,APP,Apparel/Clothing Industry/Textiles,2014,3,259593.07925407922
768,APP,Apparel/Clothing Industry/Textiles,2015,2,299039.67357642356
768,APP,Apparel/Clothing Industry/Textiles,2016,1,301714.25874125872
768,APP,Apparel/Clothing Industry/Textiles,2016,4,223348.95562770561
768,APP,Apparel/Clothing Industry/Textiles,2017,3,110725.68181818181
768,APP,Apparel/Clothing Industry/Textiles,2018,2,183510.60606060604
768,APP,Apparel/Clothing Industry/Textiles,2019,1,184592.83333333333
768,APP,Apparel/Clothing Industry/Textiles,2019,4,324282.83333333332
768,APP,Apparel/Clothing Industry/Textiles,2020,3,364565.69696969695
768,APP,Apparel/Clothing Industry/Textiles,2021,2,416189.49437229432
768,APP,Apparel/Clothing Industry/Textiles,2022,1,497665.86630036624
769,LBR,Labor Issues/Antitrust/Workplace,2010,2,23493433.64321797532
769,LBR,Labor Issues/Antitrust/Workplace,2011,1,16408274.92836296284
769,LBR,Labor Issues/Antitrust/Workplace,2011,4,20612344.20268404413
769,LBR,Labor Issues/Antitrust/Workplace,2012,3,18288019.30872146880
769,LBR,Labor Issues/Antitrust/Workplace,2013,2,17097050.95205855993
769,LBR,Labor Issues/Antitrust/Workplace,2014,1,16642131.64837304317
769,LBR,Labor Issues/Antitrust/Workplace,2014,4,17379496.01398121161
769,LBR,Labor Issues/Antitrust/Workplace,2015,3,17565695.07261622000
769,LBR,Labor Issues/Antitrust/Workplace,2016,2,21015064.64587507783
769,LBR,Labor Issues/Antitrust/Workplace,2017,1,22542002.24094644499
770,ART,Arts/Entertainment,2016,4,601160.45238095236
763,IND,Indian/Native American Affairs,2019,2,6539547.55005618402
763,IND,Indian/Native American Affairs,2020,1,6574542.88633349731
763,IND,Indian/Native American Affairs,2020,4,5471629.00326437808
763,IND,Indian/Native American Affairs,2021,3,5752686.59174159155
763,IND,Indian/Native American Affairs,2022,2,5615536.40501323224
763,IND,Indian/Native American Affairs,2023,1,6014263.61581354304
764,ALC,Alcohol & Drug Abuse,2010,3,1186598.52761756212
764,ALC,Alcohol & Drug Abuse,2011,2,1052359.70248270240
764,ALC,Alcohol & Drug Abuse,2012,1,1257041.13816795942
764,ALC,Alcohol & Drug Abuse,2012,4,1208307.08643252166
764,ALC,Alcohol & Drug Abuse,2013,3,1474242.07595280529
764,ALC,Alcohol & Drug Abuse,2014,2,2182751.48347338927
764,ALC,Alcohol & Drug Abuse,2015,1,2361511.87698412693
764,ALC,Alcohol & Drug Abuse,2015,4,1710212.67058823525
764,ALC,Alcohol & Drug Abuse,2016,3,2459843.89920243147
764,ALC,Alcohol & Drug Abuse,2017,2,2400542.87946950697
764,ALC,Alcohol & Drug Abuse,2018,1,2929343.74840437325
765,INS,Insurance,2010,1,15738797.17684456027
765,INS,Insurance,2010,4,14869407.97952223175
765,INS,Insurance,2011,3,13249192.76957093441
765,INS,Insurance,2012,2,12525937.00954003839
765,INS,Insurance,2013,1,14052469.90573198691
766,ANI,Animals,2010,2,1310252.02672713554
766,ANI,Animals,2011,1,1446032.67547236143
767,INT,Intelligence and Surveillance,2023,4,3355390.46337991048
767,INT,Intelligence and Surveillance,2024,3,3425487.39665271815
768,APP,Apparel/Clothing Industry/Textiles,2018,4,206083.33333333332
768,APP,Apparel/Clothing Industry/Textiles,2019,3,160957.24999999999
768,APP,Apparel/Clothing Industry/Textiles,2020,2,437325.47792207790
768,APP,Apparel/Clothing Industry/Textiles,2021,1,397173.63809523804
768,APP,Apparel/Clothing Industry/Textiles,2021,4,524249.63150183144
768,APP,Apparel/Clothing Industry/Textiles,2022,3,462360.13919413912
768,APP,Apparel/Clothing Industry/Textiles,2023,2,791205.19365079363
768,APP,Apparel/Clothing Industry/Textiles,2024,1,1121601.39105339102
768,APP,Apparel/Clothing Industry/Textiles,2024,4,936971.08152958150
769,LBR,Labor Issues/Antitrust/Workplace,2013,4,17952758.80108599269
769,LBR,Labor Issues/Antitrust/Workplace,2014,3,17717949.46802599334
769,LBR,Labor Issues/Antitrust/Workplace,2015,2,16643555.66011995297
769,LBR,Labor Issues/Antitrust/Workplace,2016,1,21088039.52794876409
769,LBR,Labor Issues/Antitrust/Workplace,2016,4,20272207.92673418612
769,LBR,Labor Issues/Antitrust/Workplace,2017,3,19941810.92334249892
769,LBR,Labor Issues/Antitrust/Workplace,2018,2,19668753.03591990969
769,LBR,Labor Issues/Antitrust/Workplace,2019,1,20106330.24214786813
769,LBR,Labor Issues/Antitrust/Workplace,2019,4,20077309.61976123834
769,LBR,Labor Issues/Antitrust/Workplace,2020,3,18547651.37945478267
769,LBR,Labor Issues/Antitrust/Workplace,2021,2,25371579.39748263024
769,LBR,Labor Issues/Antitrust/Workplace,2022,1,30947170.72893283297
769,LBR,Labor Issues/Antitrust/Workplace,2022,4,31312922.67278283597
769,LBR,Labor Issues/Antitrust/Workplace,2023,3,29225463.20171811632
769,LBR,Labor Issues/Antitrust/Workplace,2024,2,29406631.68281300755
770,ART,Arts/Entertainment,2010,2,903471.15079365076
770,ART,Arts/Entertainment,2011,1,670356.68540383962
765,INS,Insurance,2019,4,15118461.72597006972
765,INS,Insurance,2020,3,15744442.66895247906
765,INS,Insurance,2021,2,14211728.88769294826
765,INS,Insurance,2022,1,17048735.23417080512
765,INS,Insurance,2022,4,15715352.76920660574
765,INS,Insurance,2023,3,14854972.26029504514
765,INS,Insurance,2024,2,14262861.80554752230
766,ANI,Animals,2016,4,2030201.31382922618
766,ANI,Animals,2017,3,1893922.42696053933
766,ANI,Animals,2018,2,2545265.08867068583
766,ANI,Animals,2019,1,2873173.66269286253
766,ANI,Animals,2019,4,2684359.89920255519
766,ANI,Animals,2020,3,2137226.42136030654
766,ANI,Animals,2021,2,2672828.30952103432
766,ANI,Animals,2022,1,2302346.62192045981
766,ANI,Animals,2022,4,2665215.12089577069
766,ANI,Animals,2023,3,2883675.16488707351
766,ANI,Animals,2024,2,3064132.45776438884
767,INT,Intelligence and Surveillance,2010,3,1433290.49317349308
767,INT,Intelligence and Surveillance,2011,2,1614100.27824463111
767,INT,Intelligence and Surveillance,2012,1,1655981.23955244055
767,INT,Intelligence and Surveillance,2012,4,2546892.57354779712
767,INT,Intelligence and Surveillance,2013,3,3189950.28746743439
767,INT,Intelligence and Surveillance,2014,2,4139706.93022320797
767,INT,Intelligence and Surveillance,2015,1,5181411.38303330640
768,APP,Apparel/Clothing Industry/Textiles,2010,3,282535.40661268552
768,APP,Apparel/Clothing Industry/Textiles,2011,2,364616.88444888441
768,APP,Apparel/Clothing Industry/Textiles,2012,1,330824.30481283420
768,APP,Apparel/Clothing Industry/Textiles,2012,4,255895.69580419579
768,APP,Apparel/Clothing Industry/Textiles,2013,3,247300.99666999664
768,APP,Apparel/Clothing Industry/Textiles,2014,2,333965.35847485843
768,APP,Apparel/Clothing Industry/Textiles,2015,1,352112.88994338991
768,APP,Apparel/Clothing Industry/Textiles,2015,4,280901.48310023307
768,APP,Apparel/Clothing Industry/Textiles,2016,3,265005.71386946385
768,APP,Apparel/Clothing Industry/Textiles,2017,2,107374.43181818181
768,APP,Apparel/Clothing Industry/Textiles,2018,1,143974.76515151513
771,LAW,Law Enforcement/Crime/Criminal Justice,2015,4,8005865.05944338546
771,LAW,Law Enforcement/Crime/Criminal Justice,2016,3,8069354.71280879972
771,LAW,Law Enforcement/Crime/Criminal Justice,2017,2,8216302.53008240834
771,LAW,Law Enforcement/Crime/Criminal Justice,2018,1,8262486.10909221435
771,LAW,Law Enforcement/Crime/Criminal Justice,2018,4,9751466.77898667315
771,LAW,Law Enforcement/Crime/Criminal Justice,2019,3,8603666.89807870087
771,LAW,Law Enforcement/Crime/Criminal Justice,2020,2,9827646.30486868147
771,LAW,Law Enforcement/Crime/Criminal Justice,2021,1,13841883.56318685250
771,LAW,Law Enforcement/Crime/Criminal Justice,2021,4,8684346.34113260259
771,LAW,Law Enforcement/Crime/Criminal Justice,2022,3,8152071.62299104348
771,LAW,Law Enforcement/Crime/Criminal Justice,2023,2,10351332.25997064405
771,LAW,Law Enforcement/Crime/Criminal Justice,2024,1,11176756.25504632046
771,LAW,Law Enforcement/Crime/Criminal Justice,2024,4,10839811.27127877215
772,AUT,Automotive Industry,2018,4,4973692.25074696522
772,AUT,Automotive Industry,2019,3,4781132.10931875120
772,AUT,Automotive Industry,2020,2,5308902.16803163080
772,AUT,Automotive Industry,2021,1,6076016.30447330423
763,IND,Indian/Native American Affairs,2017,3,6150460.76279929203
763,IND,Indian/Native American Affairs,2018,2,6572400.98790390880
763,IND,Indian/Native American Affairs,2019,1,6690881.05024142509
764,ALC,Alcohol & Drug Abuse,2013,4,1587296.51890756297
764,ALC,Alcohol & Drug Abuse,2014,3,1705803.83845598838
764,ALC,Alcohol & Drug Abuse,2015,2,2442874.91678093141
764,ALC,Alcohol & Drug Abuse,2016,1,2383219.93676046168
764,ALC,Alcohol & Drug Abuse,2016,4,2152988.60753437730
764,ALC,Alcohol & Drug Abuse,2017,3,2625714.26148578079
764,ALC,Alcohol & Drug Abuse,2018,2,2661582.65835602292
764,ALC,Alcohol & Drug Abuse,2019,1,2437900.24608724596
764,ALC,Alcohol & Drug Abuse,2019,4,2159381.24588096789
764,ALC,Alcohol & Drug Abuse,2020,3,1505876.35025252516
764,ALC,Alcohol & Drug Abuse,2021,2,1466810.24628639324
764,ALC,Alcohol & Drug Abuse,2022,1,2056042.92545281499
765,INS,Insurance,2010,3,13255795.80919752718
765,INS,Insurance,2011,2,12613155.31781448652
765,INS,Insurance,2012,1,13772932.66562755879
766,ANI,Animals,2010,3,1559283.00915377609
766,ANI,Animals,2011,2,1363096.98570862679
766,ANI,Animals,2012,1,2117130.31660300471
767,INT,Intelligence and Surveillance,2019,4,4217573.78738028080
767,INT,Intelligence and Surveillance,2020,3,4199424.80736861686
767,INT,Intelligence and Surveillance,2021,2,4519031.86015938115
767,INT,Intelligence and Surveillance,2022,1,4873446.29139446858
767,INT,Intelligence and Surveillance,2022,4,3755400.35369220139
767,INT,Intelligence and Surveillance,2023,3,3659580.78826168133
767,INT,Intelligence and Surveillance,2024,2,3527901.23603098546
768,APP,Apparel/Clothing Industry/Textiles,2022,4,718067.73174603169
768,APP,Apparel/Clothing Industry/Textiles,2023,3,825932.82698412697
768,APP,Apparel/Clothing Industry/Textiles,2024,2,989890.00692640689
769,LBR,Labor Issues/Antitrust/Workplace,2010,3,20964156.22340583864
769,LBR,Labor Issues/Antitrust/Workplace,2011,2,18882815.43981241921
769,LBR,Labor Issues/Antitrust/Workplace,2012,1,21247815.37179559217
769,LBR,Labor Issues/Antitrust/Workplace,2012,4,18676812.91068431807
769,LBR,Labor Issues/Antitrust/Workplace,2013,3,16973980.18502778224
769,LBR,Labor Issues/Antitrust/Workplace,2014,2,17380352.06016739762
769,LBR,Labor Issues/Antitrust/Workplace,2015,1,16346883.35106637765
769,LBR,Labor Issues/Antitrust/Workplace,2015,4,18889346.79994596803
769,LBR,Labor Issues/Antitrust/Workplace,2016,3,21437047.84376469313
769,LBR,Labor Issues/Antitrust/Workplace,2017,2,20966660.95698216567
769,LBR,Labor Issues/Antitrust/Workplace,2018,1,22219644.20747481091
769,LBR,Labor Issues/Antitrust/Workplace,2018,4,20882198.72963338589
769,LBR,Labor Issues/Antitrust/Workplace,2019,3,19220548.14693697141
769,LBR,Labor Issues/Antitrust/Workplace,2020,2,19402317.29560161295
769,LBR,Labor Issues/Antitrust/Workplace,2021,1,22962580.86326769965
770,ART,Arts/Entertainment,2012,4,512394.80417827782
770,ART,Arts/Entertainment,2013,3,642312.45887445884
770,ART,Arts/Entertainment,2014,2,678700.99567099563
770,ART,Arts/Entertainment,2015,1,559090.01948051941
770,ART,Arts/Entertainment,2015,4,519350.96732026141
770,ART,Arts/Entertainment,2016,3,598531.34415584411
770,ART,Arts/Entertainment,2017,2,527152.21761571757
770,ART,Arts/Entertainment,2018,1,607976.67128427122
766,ANI,Animals,2013,3,2355610.37493617479
766,ANI,Animals,2014,2,2835863.31508176527
766,ANI,Animals,2015,1,2590299.06194826827
766,ANI,Animals,2015,4,2126145.96558634851
766,ANI,Animals,2016,3,2178113.67812342872
766,ANI,Animals,2017,2,1913075.24102980337
766,ANI,Animals,2018,1,3041690.07151146328
766,ANI,Animals,2018,4,2541601.12218059702
766,ANI,Animals,2019,3,2396213.54226329210
766,ANI,Animals,2020,2,2518787.40073977238
766,ANI,Animals,2021,1,2307183.30021090004
766,ANI,Animals,2021,4,2181034.02293310534
766,ANI,Animals,2022,3,2617902.08404373383
766,ANI,Animals,2023,2,2716187.66252521967
766,ANI,Animals,2024,1,3007879.05487012968
767,INT,Intelligence and Surveillance,2010,4,1286069.42556201101
767,INT,Intelligence and Surveillance,2011,3,1316571.33307868595
767,INT,Intelligence and Surveillance,2012,2,2261491.10096673867
767,INT,Intelligence and Surveillance,2013,1,3298987.58258890854
767,INT,Intelligence and Surveillance,2013,4,4313300.21052476913
767,INT,Intelligence and Surveillance,2014,3,4219107.15873015854
767,INT,Intelligence and Surveillance,2015,2,6176906.71410680799
767,INT,Intelligence and Surveillance,2016,1,5356343.03596925928
767,INT,Intelligence and Surveillance,2016,4,5268496.08695748677
767,INT,Intelligence and Surveillance,2017,3,4806340.67364266261
767,INT,Intelligence and Surveillance,2018,2,4297562.95732045711
767,INT,Intelligence and Surveillance,2019,1,4851349.37035268634
768,APP,Apparel/Clothing Industry/Textiles,2010,2,459170.90347664027
768,APP,Apparel/Clothing Industry/Textiles,2011,1,267172.25974025972
768,APP,Apparel/Clothing Industry/Textiles,2011,4,360148.85676088613
768,APP,Apparel/Clothing Industry/Textiles,2012,3,207368.70862470861
768,APP,Apparel/Clothing Industry/Textiles,2013,2,313902.74514374512
768,APP,Apparel/Clothing Industry/Textiles,2014,1,307438.89527139524
770,ART,Arts/Entertainment,2024,4,1266865.33685595443
771,LAW,Law Enforcement/Crime/Criminal Justice,2019,4,9490051.83762507040
771,LAW,Law Enforcement/Crime/Criminal Justice,2020,3,10131134.60522930187
771,LAW,Law Enforcement/Crime/Criminal Justice,2021,2,9904425.86261642995
771,LAW,Law Enforcement/Crime/Criminal Justice,2022,1,8413551.21631260829
771,LAW,Law Enforcement/Crime/Criminal Justice,2022,4,9218896.70585711532
771,LAW,Law Enforcement/Crime/Criminal Justice,2023,3,9887910.02781825954
771,LAW,Law Enforcement/Crime/Criminal Justice,2024,2,10214576.08113549616
772,AUT,Automotive Industry,2014,4,3424884.04220060969
772,AUT,Automotive Industry,2015,3,4032273.49031491369
772,AUT,Automotive Industry,2016,2,3753859.70965962129
772,AUT,Automotive Industry,2017,1,5183902.27408030548
772,AUT,Automotive Industry,2017,4,5126923.41295742745
772,AUT,Automotive Industry,2018,3,5436892.01972038568
772,AUT,Automotive Industry,2019,2,5424951.11786465941
772,AUT,Automotive Industry,2020,1,5915646.27818510973
772,AUT,Automotive Industry,2020,4,5114082.83713189938
772,AUT,Automotive Industry,2021,3,6421569.93824769979
772,AUT,Automotive Industry,2022,2,7536511.38764952341
772,AUT,Automotive Industry,2023,1,8703546.08018843879
772,AUT,Automotive Industry,2023,4,8489566.28078015150
772,AUT,Automotive Industry,2024,3,8334729.22760727845
764,ALC,Alcohol & Drug Abuse,2024,4,1390918.10409035398
765,INS,Insurance,2010,2,15520804.44325451081
765,INS,Insurance,2011,1,15951912.10914860156
765,INS,Insurance,2011,4,12787321.79660684751
765,INS,Insurance,2012,3,13051611.86905024768
765,INS,Insurance,2013,2,13617969.52301764242
765,INS,Insurance,2014,1,16372870.18744646826
765,INS,Insurance,2014,4,17489707.37944713585
765,INS,Insurance,2015,3,13825773.32224376898
765,INS,Insurance,2016,2,11822850.09630361005
765,INS,Insurance,2017,1,15957239.34016572496
766,ANI,Animals,2024,4,2590324.38506689372
767,INT,Intelligence and Surveillance,2011,4,1742596.81949702949
767,INT,Intelligence and Surveillance,2012,3,2163912.14588189575
767,INT,Intelligence and Surveillance,2013,2,2792922.01355311338
767,INT,Intelligence and Surveillance,2014,1,3790106.90970557202
767,INT,Intelligence and Surveillance,2014,4,4142089.89796869777
767,INT,Intelligence and Surveillance,2015,3,5132874.24940419033
767,INT,Intelligence and Surveillance,2016,2,5048524.24114774094
767,INT,Intelligence and Surveillance,2017,1,5461502.50693750677
767,INT,Intelligence and Surveillance,2017,4,4697032.34238876323
767,INT,Intelligence and Surveillance,2018,3,4059482.22827172804
767,INT,Intelligence and Surveillance,2019,2,4057414.94564107961
767,INT,Intelligence and Surveillance,2020,1,4417331.68436515157
767,INT,Intelligence and Surveillance,2020,4,4535764.56747988835
767,INT,Intelligence and Surveillance,2021,3,4086010.77671265914
767,INT,Intelligence and Surveillance,2022,2,4902600.36935540923
767,INT,Intelligence and Surveillance,2023,1,4627917.78397327300
768,APP,Apparel/Clothing Industry/Textiles,2010,1,282029.12055780474
769,LBR,Labor Issues/Antitrust/Workplace,2017,4,22633829.12904548532
769,LBR,Labor Issues/Antitrust/Workplace,2018,3,20206237.47043642156
769,LBR,Labor Issues/Antitrust/Workplace,2019,2,19460233.30096581500
769,LBR,Labor Issues/Antitrust/Workplace,2020,1,20683159.64906767022
769,LBR,Labor Issues/Antitrust/Workplace,2020,4,20017993.18105436047
769,LBR,Labor Issues/Antitrust/Workplace,2021,3,26335018.68807258269
769,LBR,Labor Issues/Antitrust/Workplace,2022,2,29782622.59420682490
769,LBR,Labor Issues/Antitrust/Workplace,2023,1,32126832.80371651176
769,LBR,Labor Issues/Antitrust/Workplace,2023,4,31785328.87711425403
769,LBR,Labor Issues/Antitrust/Workplace,2024,3,30606860.91667393286
770,ART,Arts/Entertainment,2010,1,1061760.65094627591
770,ART,Arts/Entertainment,2010,4,760951.08176627288
770,ART,Arts/Entertainment,2011,3,609651.73106060601
770,ART,Arts/Entertainment,2012,2,718333.54233266730
770,ART,Arts/Entertainment,2013,1,742207.85686243578
770,ART,Arts/Entertainment,2013,4,680854.85289873521
770,ART,Arts/Entertainment,2014,3,853925.42857142854
770,ART,Arts/Entertainment,2015,2,467925.01656268564
770,ART,Arts/Entertainment,2016,1,561898.21719457007
771,LAW,Law Enforcement/Crime/Criminal Justice,2023,4,10443808.94390794188
771,LAW,Law Enforcement/Crime/Criminal Justice,2024,3,9792693.53433604949
772,AUT,Automotive Industry,2010,4,5310958.77669866354
772,AUT,Automotive Industry,2011,3,5369867.05967883149
772,AUT,Automotive Industry,2012,2,4846992.12047520743
772,AUT,Automotive Industry,2013,1,3863375.06510708917
771,LAW,Law Enforcement/Crime/Criminal Justice,2016,4,8230132.61959255390
771,LAW,Law Enforcement/Crime/Criminal Justice,2017,3,6956597.52114328685
771,LAW,Law Enforcement/Crime/Criminal Justice,2018,2,8157103.24196897807
771,LAW,Law Enforcement/Crime/Criminal Justice,2019,1,9019053.47701824257
773,MAN,Manufacturing,2013,4,3854020.66497359673
773,MAN,Manufacturing,2014,3,3907972.68420474672
773,MAN,Manufacturing,2015,2,3540711.95917840300
773,MAN,Manufacturing,2016,1,3259265.26418864614
773,MAN,Manufacturing,2016,4,3130564.45014249139
773,MAN,Manufacturing,2017,3,2920799.09184475630
773,MAN,Manufacturing,2018,2,3216244.93185542924
773,MAN,Manufacturing,2019,1,3253680.31966227930
773,MAN,Manufacturing,2019,4,3880744.64047679992
773,MAN,Manufacturing,2020,3,6120583.30670698578
773,MAN,Manufacturing,2021,2,8404877.67608780050
773,MAN,Manufacturing,2022,1,10636367.51864801798
773,MAN,Manufacturing,2022,4,10298791.05328005257
773,MAN,Manufacturing,2023,3,10976117.06719117695
773,MAN,Manufacturing,2024,2,12078503.87150570379
774,AVI,Aviation/Aircraft/Airlines,2010,3,11769660.94241621858
774,AVI,Aviation/Aircraft/Airlines,2011,2,12535959.01520229239
774,AVI,Aviation/Aircraft/Airlines,2012,1,12065795.02610637972
775,MAR,Marine/Maritime/Boating/Fisheries,2019,4,6183826.63038628010
775,MAR,Marine/Maritime/Boating/Fisheries,2020,3,5660885.87870462841
775,MAR,Marine/Maritime/Boating/Fisheries,2021,2,5978640.73464974966
775,MAR,Marine/Maritime/Boating/Fisheries,2022,1,7638738.45217821361
775,MAR,Marine/Maritime/Boating/Fisheries,2022,4,7202588.53867355522
775,MAR,Marine/Maritime/Boating/Fisheries,2023,3,7597771.61619968522
775,MAR,Marine/Maritime/Boating/Fisheries,2024,2,7945076.19617123467
776,BAN,Banking,2010,3,21797076.77061600181
776,BAN,Banking,2011,2,21452962.72719657592
776,BAN,Banking,2012,1,23272919.96140460487
776,BAN,Banking,2012,4,19689672.95004284035
776,BAN,Banking,2013,3,17392704.61165142002
776,BAN,Banking,2014,2,17741819.21887046517
776,BAN,Banking,2015,1,17540771.02670107628
776,BAN,Banking,2015,4,18095268.77850006846
776,BAN,Banking,2016,3,15667572.20010659590
776,BAN,Banking,2017,2,17531426.12156869984
776,BAN,Banking,2018,1,20178431.49310914359
778,BNK,Bankruptcy,2012,4,2640882.37208405626
778,BNK,Bankruptcy,2013,3,1155261.96533205351
778,BNK,Bankruptcy,2014,2,1534781.24950195998
778,BNK,Bankruptcy,2015,1,1940492.54316271959
778,BNK,Bankruptcy,2015,4,2392093.68580104101
778,BNK,Bankruptcy,2016,3,2640144.10589410586
778,BNK,Bankruptcy,2017,2,1644947.63208927291
778,BNK,Bankruptcy,2018,1,1652835.01221001218
778,BNK,Bankruptcy,2018,4,2411914.78696741852
778,BNK,Bankruptcy,2019,3,1643583.33333333331
778,BNK,Bankruptcy,2020,2,1983813.70634920630
778,BNK,Bankruptcy,2021,1,1618523.80952380948
778,BNK,Bankruptcy,2021,4,1833946.02272727266
778,BNK,Bankruptcy,2022,3,2294760.07942361894
778,BNK,Bankruptcy,2023,2,1883954.17654241177
778,BNK,Bankruptcy,2024,1,2023966.37488328660
779,MED,Medical/Disease Research/Clinical Labs,2010,2,4708476.68068875964
779,MED,Medical/Disease Research/Clinical Labs,2011,1,4262701.00713766105
780,BEV,Beverage Industry,2018,4,1881342.15384615381
780,BEV,Beverage Industry,2019,3,1739976.90476190474
774,AVI,Aviation/Aircraft/Airlines,2015,4,15084393.10373310858
774,AVI,Aviation/Aircraft/Airlines,2016,3,15485827.55407637211
774,AVI,Aviation/Aircraft/Airlines,2017,2,17756235.97391524196
774,AVI,Aviation/Aircraft/Airlines,2018,1,17127371.42846206023
774,AVI,Aviation/Aircraft/Airlines,2018,4,15813114.21837215024
774,AVI,Aviation/Aircraft/Airlines,2019,3,12920613.34927090419
774,AVI,Aviation/Aircraft/Airlines,2020,2,13623049.74832251033
774,AVI,Aviation/Aircraft/Airlines,2021,1,13647485.58885926033
774,AVI,Aviation/Aircraft/Airlines,2021,4,13292704.01110303050
774,AVI,Aviation/Aircraft/Airlines,2022,3,14581570.78124374143
774,AVI,Aviation/Aircraft/Airlines,2023,2,18405141.41615332829
774,AVI,Aviation/Aircraft/Airlines,2024,1,18539265.95239034520
775,MAR,Marine/Maritime/Boating/Fisheries,2010,1,8109215.31292248320
775,MAR,Marine/Maritime/Boating/Fisheries,2010,4,6531896.49363735657
775,MAR,Marine/Maritime/Boating/Fisheries,2011,3,5757413.60137085120
775,MAR,Marine/Maritime/Boating/Fisheries,2012,2,6142477.70042876491
775,MAR,Marine/Maritime/Boating/Fisheries,2013,1,5712797.30864546062
775,MAR,Marine/Maritime/Boating/Fisheries,2013,4,5738129.83210678189
775,MAR,Marine/Maritime/Boating/Fisheries,2014,3,5976473.16275391253
775,MAR,Marine/Maritime/Boating/Fisheries,2015,2,5097355.87332112311
775,MAR,Marine/Maritime/Boating/Fisheries,2016,1,4841204.11452158935
775,MAR,Marine/Maritime/Boating/Fisheries,2016,4,5186691.25958208436
775,MAR,Marine/Maritime/Boating/Fisheries,2017,3,6145446.51213318820
775,MAR,Marine/Maritime/Boating/Fisheries,2018,2,6102319.61010807188
775,MAR,Marine/Maritime/Boating/Fisheries,2019,1,6426109.78001997974
776,BAN,Banking,2018,4,19905360.58019916050
776,BAN,Banking,2019,3,22170391.70936811667
776,BAN,Banking,2020,2,21978967.84201830753
776,BAN,Banking,2021,1,21408827.12474300667
776,BAN,Banking,2021,4,22441091.87120658787
776,BAN,Banking,2022,3,24105558.52080739794
776,BAN,Banking,2023,2,25168157.58368286277
776,BAN,Banking,2024,1,29962557.35105886477
776,BAN,Banking,2024,4,28801861.61219700340
777,MIA,Media (Information/Publishing),2013,4,1636725.95587994403
777,MIA,Media (Information/Publishing),2014,3,1274550.63290576268
777,MIA,Media (Information/Publishing),2015,2,817031.59047619044
777,MIA,Media (Information/Publishing),2016,1,839509.11428571425
777,MIA,Media (Information/Publishing),2016,4,837284.20972222220
777,MIA,Media (Information/Publishing),2017,3,996027.26130952377
777,MIA,Media (Information/Publishing),2018,2,1431952.47619047616
777,MIA,Media (Information/Publishing),2019,1,1273019.48051948051
777,MIA,Media (Information/Publishing),2019,4,2190969.69696969695
777,MIA,Media (Information/Publishing),2020,3,2422595.74430945395
777,MIA,Media (Information/Publishing),2021,2,1875784.63203463198
777,MIA,Media (Information/Publishing),2022,1,1759167.78571428567
777,MIA,Media (Information/Publishing),2022,4,2088364.46886446881
777,MIA,Media (Information/Publishing),2023,3,1887065.47619047613
777,MIA,Media (Information/Publishing),2024,2,2162517.85714285707
778,BNK,Bankruptcy,2024,4,1004492.52136752132
779,MED,Medical/Disease Research/Clinical Labs,2019,4,4369928.05078124453
779,MED,Medical/Disease Research/Clinical Labs,2020,3,5490580.19371413385
772,AUT,Automotive Industry,2013,4,3622064.70160249096
772,AUT,Automotive Industry,2014,3,3505090.69361194345
772,AUT,Automotive Industry,2015,2,4110136.71349630745
772,AUT,Automotive Industry,2016,1,4177526.71428995825
772,AUT,Automotive Industry,2016,4,3643339.39379803184
772,AUT,Automotive Industry,2017,3,5161121.46942702960
772,AUT,Automotive Industry,2018,2,5085493.86138785940
772,AUT,Automotive Industry,2019,1,5580112.48857082175
772,AUT,Automotive Industry,2019,4,4804161.82203115893
772,AUT,Automotive Industry,2020,3,4934505.46182232368
772,AUT,Automotive Industry,2021,2,6396315.78677540188
772,AUT,Automotive Industry,2022,1,7860584.51334410873
774,AVI,Aviation/Aircraft/Airlines,2016,4,14858547.25094179893
774,AVI,Aviation/Aircraft/Airlines,2017,3,17731700.81028254607
774,AVI,Aviation/Aircraft/Airlines,2018,2,17537406.28573414398
774,AVI,Aviation/Aircraft/Airlines,2019,1,14680494.44487317939
774,AVI,Aviation/Aircraft/Airlines,2019,4,13666398.04156104913
774,AVI,Aviation/Aircraft/Airlines,2020,3,12640723.51024395765
774,AVI,Aviation/Aircraft/Airlines,2021,2,12915433.15385171296
774,AVI,Aviation/Aircraft/Airlines,2022,1,14587291.46169901447
774,AVI,Aviation/Aircraft/Airlines,2022,4,14418932.74282951804
774,AVI,Aviation/Aircraft/Airlines,2023,3,18110583.36750244015
774,AVI,Aviation/Aircraft/Airlines,2024,2,17713958.31533480385
775,MAR,Marine/Maritime/Boating/Fisheries,2010,3,6334584.63027206685
775,MAR,Marine/Maritime/Boating/Fisheries,2011,2,7023376.48789164025
775,MAR,Marine/Maritime/Boating/Fisheries,2012,1,5941879.94607391236
775,MAR,Marine/Maritime/Boating/Fisheries,2012,4,6371168.49934330796
775,MAR,Marine/Maritime/Boating/Fisheries,2013,3,5710170.02747807725
775,MAR,Marine/Maritime/Boating/Fisheries,2014,2,5895542.65584079982
775,MAR,Marine/Maritime/Boating/Fisheries,2015,1,5208374.42818292799
776,BAN,Banking,2022,4,24915466.13904814593
776,BAN,Banking,2023,3,24798747.79060835903
776,BAN,Banking,2024,2,25667383.96148406909
777,MIA,Media (Information/Publishing),2010,3,1117416.61011904759
777,MIA,Media (Information/Publishing),2011,2,1036651.79884559880
777,MIA,Media (Information/Publishing),2012,1,1614425.91645021641
777,MIA,Media (Information/Publishing),2012,4,1412992.85164835160
777,MIA,Media (Information/Publishing),2013,3,2083974.42489732482
777,MIA,Media (Information/Publishing),2014,2,1253360.33555855903
777,MIA,Media (Information/Publishing),2015,1,773107.48333333331
777,MIA,Media (Information/Publishing),2015,4,711994.92380952377
777,MIA,Media (Information/Publishing),2016,3,875037.92083333329
777,MIA,Media (Information/Publishing),2017,2,1079058.81924603171
777,MIA,Media (Information/Publishing),2018,1,1179692.86785714282
777,MIA,Media (Information/Publishing),2018,4,1032297.80317460315
777,MIA,Media (Information/Publishing),2019,3,2382833.33333333333
777,MIA,Media (Information/Publishing),2020,2,1697419.91341991341
777,MIA,Media (Information/Publishing),2021,1,1676207.79220779214
779,MED,Medical/Disease Research/Clinical Labs,2015,4,4507482.68302840921
779,MED,Medical/Disease Research/Clinical Labs,2016,3,4898327.48756137623
779,MED,Medical/Disease Research/Clinical Labs,2017,2,4588274.15961122178
779,MED,Medical/Disease Research/Clinical Labs,2018,1,4972072.56383061348
770,ART,Arts/Entertainment,2017,3,540779.83677433672
770,ART,Arts/Entertainment,2018,2,560992.06738816732
770,ART,Arts/Entertainment,2019,1,593644.33561993554
770,ART,Arts/Entertainment,2019,4,726643.72856310350
770,ART,Arts/Entertainment,2020,3,1296642.95242747443
770,ART,Arts/Entertainment,2021,2,1513199.52670205601
770,ART,Arts/Entertainment,2022,1,1547958.68342768334
770,ART,Arts/Entertainment,2022,4,1246013.15037593977
770,ART,Arts/Entertainment,2023,3,1427804.91654097528
770,ART,Arts/Entertainment,2024,2,1261161.41769341760
771,LAW,Law Enforcement/Crime/Criminal Justice,2011,4,7946501.13446278215
771,LAW,Law Enforcement/Crime/Criminal Justice,2012,3,8149285.39865004217
771,LAW,Law Enforcement/Crime/Criminal Justice,2013,2,7253881.81216194738
771,LAW,Law Enforcement/Crime/Criminal Justice,2014,1,7171099.08903507130
771,LAW,Law Enforcement/Crime/Criminal Justice,2014,4,10119865.87228778428
771,LAW,Law Enforcement/Crime/Criminal Justice,2015,3,7873000.51649929818
771,LAW,Law Enforcement/Crime/Criminal Justice,2016,2,9075442.98953044276
771,LAW,Law Enforcement/Crime/Criminal Justice,2017,1,8803115.74721668035
771,LAW,Law Enforcement/Crime/Criminal Justice,2017,4,7440591.74930094853
771,LAW,Law Enforcement/Crime/Criminal Justice,2018,3,9118943.75391087604
771,LAW,Law Enforcement/Crime/Criminal Justice,2019,2,8889989.35150490133
771,LAW,Law Enforcement/Crime/Criminal Justice,2020,1,8731400.83274318922
771,LAW,Law Enforcement/Crime/Criminal Justice,2020,4,11146324.27611120913
771,LAW,Law Enforcement/Crime/Criminal Justice,2021,3,9519079.11719899403
771,LAW,Law Enforcement/Crime/Criminal Justice,2022,2,8085518.76119715370
771,LAW,Law Enforcement/Crime/Criminal Justice,2023,1,9902104.44732927839
772,AUT,Automotive Industry,2022,4,7610175.77631069888
772,AUT,Automotive Industry,2023,3,7989743.35107506843
772,AUT,Automotive Industry,2024,2,9669404.66187905630
773,MAN,Manufacturing,2017,4,3175387.24936664613
773,MAN,Manufacturing,2018,3,3191871.15351499731
773,MAN,Manufacturing,2019,2,3309227.06639887602
773,MAN,Manufacturing,2020,1,5345445.24669666343
773,MAN,Manufacturing,2020,4,5556929.56487651192
773,MAN,Manufacturing,2021,3,8784420.36747255956
773,MAN,Manufacturing,2022,2,11354253.29653548991
773,MAN,Manufacturing,2023,1,11901629.28093211075
773,MAN,Manufacturing,2023,4,11717338.82129700297
773,MAN,Manufacturing,2024,3,12367845.07161680700
775,MAR,Marine/Maritime/Boating/Fisheries,2023,4,7667611.61161354954
775,MAR,Marine/Maritime/Boating/Fisheries,2024,3,7505490.27517958440
776,BAN,Banking,2010,2,25687143.75951916808
776,BAN,Banking,2011,1,21604585.46640161585
776,BAN,Banking,2011,4,19850995.22501907163
776,BAN,Banking,2012,3,18824588.83288790617
776,BAN,Banking,2013,2,18638358.76959120124
776,BAN,Banking,2014,1,16399187.00715423084
778,BNK,Bankruptcy,2010,2,2491076.51779919415
778,BNK,Bankruptcy,2011,1,1406809.02738929094
778,BNK,Bankruptcy,2011,4,1739697.16292314022
778,BNK,Bankruptcy,2012,3,1917217.11660999814
778,BNK,Bankruptcy,2013,2,1621994.70893893683
778,BNK,Bankruptcy,2014,1,1892250.83235048400
778,BNK,Bankruptcy,2014,4,2619370.31339977848
778,BNK,Bankruptcy,2015,3,2310582.69408369403
778,BNK,Bankruptcy,2016,2,3755313.36749916744
772,AUT,Automotive Industry,2021,4,6759894.99370466110
772,AUT,Automotive Industry,2022,3,7724608.32287950919
772,AUT,Automotive Industry,2023,2,8606821.38585858559
772,AUT,Automotive Industry,2024,1,10071942.07512662745
772,AUT,Automotive Industry,2024,4,8968561.35374475766
773,MAN,Manufacturing,2010,2,3354326.39081912935
773,MAN,Manufacturing,2011,1,3884944.68638348517
773,MAN,Manufacturing,2011,4,3519407.78003357099
773,MAN,Manufacturing,2012,3,3238713.63268724714
773,MAN,Manufacturing,2013,2,3545109.61628796008
773,MAN,Manufacturing,2014,1,4762854.79087401571
773,MAN,Manufacturing,2014,4,3625624.79679523141
773,MAN,Manufacturing,2015,3,3106728.95903642249
773,MAN,Manufacturing,2016,2,3161210.67175745238
773,MAN,Manufacturing,2017,1,3338409.95186202663
774,AVI,Aviation/Aircraft/Airlines,2010,2,12103355.58207056773
774,AVI,Aviation/Aircraft/Airlines,2011,1,12968829.73205722549
774,AVI,Aviation/Aircraft/Airlines,2011,4,13485803.11199789966
774,AVI,Aviation/Aircraft/Airlines,2012,3,12071230.74843489804
774,AVI,Aviation/Aircraft/Airlines,2013,2,10987196.29510898421
774,AVI,Aviation/Aircraft/Airlines,2014,1,10744649.38452455365
774,AVI,Aviation/Aircraft/Airlines,2014,4,11658070.40477720441
774,AVI,Aviation/Aircraft/Airlines,2015,3,13454161.62957402039
774,AVI,Aviation/Aircraft/Airlines,2016,2,16353438.87931496551
774,AVI,Aviation/Aircraft/Airlines,2017,1,16749262.31685288349
774,AVI,Aviation/Aircraft/Airlines,2017,4,17529674.24830303966
774,AVI,Aviation/Aircraft/Airlines,2018,3,16614534.45464565416
774,AVI,Aviation/Aircraft/Airlines,2019,2,13523249.47115654707
774,AVI,Aviation/Aircraft/Airlines,2020,1,15152732.59757307452
776,BAN,Banking,2010,1,22530975.03911996857
777,MIA,Media (Information/Publishing),2017,4,1009405.06051587298
777,MIA,Media (Information/Publishing),2018,3,1723484.69365079362
777,MIA,Media (Information/Publishing),2019,2,1512671.45680406547
777,MIA,Media (Information/Publishing),2020,1,2289201.96470196468
777,MIA,Media (Information/Publishing),2020,4,1715458.44155844152
777,MIA,Media (Information/Publishing),2021,3,1797483.22510822506
777,MIA,Media (Information/Publishing),2022,2,1350880.93452380948
777,MIA,Media (Information/Publishing),2023,1,2373142.85714285710
777,MIA,Media (Information/Publishing),2023,4,1560874.99999999996
777,MIA,Media (Information/Publishing),2024,3,2197359.43223443218
778,BNK,Bankruptcy,2020,4,1942966.29516412791
778,BNK,Bankruptcy,2021,3,1699198.35432900428
778,BNK,Bankruptcy,2022,2,1822907.79645191406
778,BNK,Bankruptcy,2023,1,1869367.24386724382
778,BNK,Bankruptcy,2023,4,1715166.55429748403
778,BNK,Bankruptcy,2024,3,1215196.42857142851
779,MED,Medical/Disease Research/Clinical Labs,2010,1,6466759.38309386653
779,MED,Medical/Disease Research/Clinical Labs,2010,4,4910225.00517713253
779,MED,Medical/Disease Research/Clinical Labs,2011,3,4966666.07674270140
779,MED,Medical/Disease Research/Clinical Labs,2012,2,4662163.07846978554
779,MED,Medical/Disease Research/Clinical Labs,2013,1,3459817.75921855897
779,MED,Medical/Disease Research/Clinical Labs,2013,4,3529372.36838932990
779,MED,Medical/Disease Research/Clinical Labs,2014,3,3788431.27343418831
779,MED,Medical/Disease Research/Clinical Labs,2015,2,4641489.34959231485
780,BEV,Beverage Industry,2020,2,1410289.76556776555
780,BEV,Beverage Industry,2021,1,1812195.99999999997
780,BEV,Beverage Industry,2021,4,2040810.95776772244
780,BEV,Beverage Industry,2022,3,1885601.46153846150
780,BEV,Beverage Industry,2023,2,1308506.87179487177
780,BEV,Beverage Industry,2024,1,1499543.28205128201
780,BEV,Beverage Industry,2024,4,1791926.65567765566
781,MMM,Medicare/Medicaid,2010,2,39769231.64393029123
781,MMM,Medicare/Medicaid,2011,1,43993809.00077117284
781,MMM,Medicare/Medicaid,2011,4,42841873.08955437238
781,MMM,Medicare/Medicaid,2012,3,40110858.22467621655
781,MMM,Medicare/Medicaid,2013,2,42655432.99829891790
781,MMM,Medicare/Medicaid,2014,1,47525294.88994563983
781,MMM,Medicare/Medicaid,2014,4,43849878.92525031425
781,MMM,Medicare/Medicaid,2015,3,44205505.83732696501
781,MMM,Medicare/Medicaid,2016,2,44446231.08433453257
781,MMM,Medicare/Medicaid,2017,1,50588658.64423946691
782,BUD,Budget/Appropriations,2024,4,99649658.19506450991
783,MON,Minting/Money/Gold Standard,2011,4,274833.33333333332
783,MON,Minting/Money/Gold Standard,2012,3,415749.99999999997
783,MON,Minting/Money/Gold Standard,2013,2,518467.29797979796
783,MON,Minting/Money/Gold Standard,2014,1,308327.39234449758
783,MON,Minting/Money/Gold Standard,2014,4,246513.50387596898
783,MON,Minting/Money/Gold Standard,2015,3,268333.33333333332
783,MON,Minting/Money/Gold Standard,2016,2,202642.54385964911
783,MON,Minting/Money/Gold Standard,2017,1,217868.18181818181
783,MON,Minting/Money/Gold Standard,2017,4,204500.00000000000
783,MON,Minting/Money/Gold Standard,2018,3,162478.57142857142
783,MON,Minting/Money/Gold Standard,2019,2,334224.81442205725
783,MON,Minting/Money/Gold Standard,2020,1,243305.73333333333
783,MON,Minting/Money/Gold Standard,2020,4,287728.84210526314
783,MON,Minting/Money/Gold Standard,2021,3,167401.51428571427
783,MON,Minting/Money/Gold Standard,2022,2,215655.76161616159
783,MON,Minting/Money/Gold Standard,2023,1,113619.04761904760
784,CHM,Chemicals/Chemical Industry,2010,1,6048838.07367142641
785,NAT,Natural Resources,2017,4,11949549.15937700424
785,NAT,Natural Resources,2018,3,13110043.18704840442
785,NAT,Natural Resources,2019,2,12457927.50418817108
785,NAT,Natural Resources,2020,1,14333994.89573758592
785,NAT,Natural Resources,2020,4,11968105.28527722193
785,NAT,Natural Resources,2021,3,13178928.49202798322
785,NAT,Natural Resources,2022,2,13293824.33802276244
785,NAT,Natural Resources,2023,1,14474577.74314072744
785,NAT,Natural Resources,2023,4,16235467.29855993588
785,NAT,Natural Resources,2024,3,15213897.04727918616
786,CIV,Civil Rights/Civil Liberties,2010,1,3404982.93868107468
786,CIV,Civil Rights/Civil Liberties,2010,4,4986783.98639655821
786,CIV,Civil Rights/Civil Liberties,2011,3,1971428.07204117677
786,CIV,Civil Rights/Civil Liberties,2012,2,3462836.08332732088
786,CIV,Civil Rights/Civil Liberties,2013,1,2712471.66738525117
786,CIV,Civil Rights/Civil Liberties,2013,4,3006084.15574505134
786,CIV,Civil Rights/Civil Liberties,2014,3,3515380.10704733307
786,CIV,Civil Rights/Civil Liberties,2015,2,3380603.60052683799
786,CIV,Civil Rights/Civil Liberties,2016,1,2843597.34322050598
787,PHA,Pharmacy,2020,4,11950937.57674979961
770,ART,Arts/Entertainment,2011,4,603098.26176859713
770,ART,Arts/Entertainment,2012,3,1142626.18011155507
770,ART,Arts/Entertainment,2013,2,652297.04424741922
770,ART,Arts/Entertainment,2014,1,727177.07142857139
770,ART,Arts/Entertainment,2014,4,681126.34132534128
770,ART,Arts/Entertainment,2015,3,519826.41970121378
770,ART,Arts/Entertainment,2016,2,590517.23593073587
770,ART,Arts/Entertainment,2017,1,658891.89804639801
770,ART,Arts/Entertainment,2017,4,531956.48199023193
770,ART,Arts/Entertainment,2018,3,567169.69509379505
770,ART,Arts/Entertainment,2019,2,649895.31075868569
770,ART,Arts/Entertainment,2020,1,994275.41708291699
771,LAW,Law Enforcement/Crime/Criminal Justice,2010,3,8340835.35393162414
771,LAW,Law Enforcement/Crime/Criminal Justice,2011,2,9022419.65116063776
771,LAW,Law Enforcement/Crime/Criminal Justice,2012,1,9082214.88101251090
771,LAW,Law Enforcement/Crime/Criminal Justice,2012,4,8663815.59915774294
771,LAW,Law Enforcement/Crime/Criminal Justice,2013,3,6484889.85278086146
771,LAW,Law Enforcement/Crime/Criminal Justice,2014,2,7535882.18499247848
771,LAW,Law Enforcement/Crime/Criminal Justice,2015,1,8468067.48472948562
772,AUT,Automotive Industry,2010,1,5888928.60564037256
774,AVI,Aviation/Aircraft/Airlines,2020,4,13642627.45343974166
774,AVI,Aviation/Aircraft/Airlines,2021,3,13630907.73157108732
774,AVI,Aviation/Aircraft/Airlines,2022,2,13359707.33020086712
774,AVI,Aviation/Aircraft/Airlines,2023,1,16964062.04603734883
774,AVI,Aviation/Aircraft/Airlines,2023,4,19089094.95760912993
774,AVI,Aviation/Aircraft/Airlines,2024,3,16704547.75941002027
775,MAR,Marine/Maritime/Boating/Fisheries,2015,4,4573978.89121477920
775,MAR,Marine/Maritime/Boating/Fisheries,2016,3,5439978.19524560386
775,MAR,Marine/Maritime/Boating/Fisheries,2017,2,6541330.04300144267
775,MAR,Marine/Maritime/Boating/Fisheries,2018,1,6161625.45968247417
775,MAR,Marine/Maritime/Boating/Fisheries,2018,4,6063767.43399704843
775,MAR,Marine/Maritime/Boating/Fisheries,2019,3,6236623.80780768909
775,MAR,Marine/Maritime/Boating/Fisheries,2020,2,5790511.36996761374
775,MAR,Marine/Maritime/Boating/Fisheries,2021,1,6036950.51434121402
775,MAR,Marine/Maritime/Boating/Fisheries,2021,4,6391098.23213714366
775,MAR,Marine/Maritime/Boating/Fisheries,2022,3,7212609.15672614242
775,MAR,Marine/Maritime/Boating/Fisheries,2023,2,7821048.24893664133
775,MAR,Marine/Maritime/Boating/Fisheries,2024,1,8147265.60036103354
775,MAR,Marine/Maritime/Boating/Fisheries,2024,4,7346015.39628452007
776,BAN,Banking,2010,4,20110574.53303772195
776,BAN,Banking,2011,3,18778445.53271451009
776,BAN,Banking,2012,2,20601769.30515492696
776,BAN,Banking,2013,1,19199695.41536504246
776,BAN,Banking,2013,4,19032010.74542324344
776,BAN,Banking,2014,3,17429454.76002860501
776,BAN,Banking,2015,2,17350077.73627883078
776,BAN,Banking,2016,1,17571470.79675120161
776,BAN,Banking,2016,4,16480259.99078534471
776,BAN,Banking,2017,3,16979292.99836688452
776,BAN,Banking,2018,2,18154836.19320134150
776,BAN,Banking,2019,1,20591450.22330209291
776,BAN,Banking,2019,4,22929158.78152323927
776,BAN,Banking,2020,3,21291255.55518924716
776,BAN,Banking,2021,2,21264480.62601414334
776,BAN,Banking,2022,1,24508774.80654035138
773,MAN,Manufacturing,2010,3,3437406.82399211196
773,MAN,Manufacturing,2011,2,3030510.70437684073
773,MAN,Manufacturing,2012,1,4331226.88045343030
773,MAN,Manufacturing,2012,4,3035911.54252757027
773,MAN,Manufacturing,2013,3,3364163.85802294220
773,MAN,Manufacturing,2014,2,3820766.64263134491
773,MAN,Manufacturing,2015,1,3470761.61956515676
773,MAN,Manufacturing,2015,4,2746350.04672187953
773,MAN,Manufacturing,2016,3,3271043.36499928494
773,MAN,Manufacturing,2017,2,3461115.87354728577
773,MAN,Manufacturing,2018,1,3165688.95205053193
773,MAN,Manufacturing,2018,4,3004736.82388379566
773,MAN,Manufacturing,2019,3,3124103.62759462733
773,MAN,Manufacturing,2020,2,6310027.12297668556
773,MAN,Manufacturing,2021,1,7799044.46298146243
774,AVI,Aviation/Aircraft/Airlines,2010,1,13209353.09577068396
774,AVI,Aviation/Aircraft/Airlines,2010,4,12533196.71629616583
774,AVI,Aviation/Aircraft/Airlines,2011,3,11876629.61961088981
774,AVI,Aviation/Aircraft/Airlines,2012,2,11734330.47146744823
774,AVI,Aviation/Aircraft/Airlines,2013,1,10866390.17086802049
774,AVI,Aviation/Aircraft/Airlines,2013,4,12060602.87080697047
774,AVI,Aviation/Aircraft/Airlines,2014,3,12102232.18618130191
774,AVI,Aviation/Aircraft/Airlines,2015,2,13981057.53408062485
774,AVI,Aviation/Aircraft/Airlines,2016,1,17697411.38497205471
775,MAR,Marine/Maritime/Boating/Fisheries,2010,2,6141475.73151307734
775,MAR,Marine/Maritime/Boating/Fisheries,2011,1,6195566.92970224196
777,MIA,Media (Information/Publishing),2021,4,1834546.48917748913
777,MIA,Media (Information/Publishing),2022,3,1443436.30402930397
777,MIA,Media (Information/Publishing),2023,2,1940640.07936507930
777,MIA,Media (Information/Publishing),2024,1,2126528.67965367960
777,MIA,Media (Information/Publishing),2024,4,2081386.90476190471
778,BNK,Bankruptcy,2016,4,2269707.54245754241
778,BNK,Bankruptcy,2017,3,1851579.68012379772
778,BNK,Bankruptcy,2018,2,1608775.79365079361
778,BNK,Bankruptcy,2019,1,2255417.19047619044
778,BNK,Bankruptcy,2019,4,1702795.26984126980
778,BNK,Bankruptcy,2020,3,1867634.90825126114
778,BNK,Bankruptcy,2021,2,1307839.59899749370
778,BNK,Bankruptcy,2022,1,2311836.63577788429
778,BNK,Bankruptcy,2022,4,2024572.42063492060
778,BNK,Bankruptcy,2023,3,1540849.99640881987
778,BNK,Bankruptcy,2024,2,1516886.68831168825
779,MED,Medical/Disease Research/Clinical Labs,2011,4,4280439.87695280876
779,MED,Medical/Disease Research/Clinical Labs,2012,3,4189486.05657496064
779,MED,Medical/Disease Research/Clinical Labs,2013,2,3447819.87106308701
779,MED,Medical/Disease Research/Clinical Labs,2014,1,3813176.64070169575
779,MED,Medical/Disease Research/Clinical Labs,2014,4,4129560.75053347790
779,MED,Medical/Disease Research/Clinical Labs,2015,3,4681474.52403380901
779,MED,Medical/Disease Research/Clinical Labs,2016,2,5146956.18351574436
779,MED,Medical/Disease Research/Clinical Labs,2017,1,4841549.35199972425
779,MED,Medical/Disease Research/Clinical Labs,2017,4,4484868.25426934140
779,MED,Medical/Disease Research/Clinical Labs,2018,3,4709287.06941367426
779,MED,Medical/Disease Research/Clinical Labs,2019,2,4641774.85205848629
779,MED,Medical/Disease Research/Clinical Labs,2020,1,4693686.90455655420
779,MED,Medical/Disease Research/Clinical Labs,2020,4,5326769.11738971775
770,ART,Arts/Entertainment,2018,4,534439.67922077918
770,ART,Arts/Entertainment,2019,3,584179.20125707619
770,ART,Arts/Entertainment,2020,2,1388768.97127872116
770,ART,Arts/Entertainment,2021,1,1419510.36152083202
770,ART,Arts/Entertainment,2021,4,1512115.83227883220
770,ART,Arts/Entertainment,2022,3,1326672.87545787536
770,ART,Arts/Entertainment,2023,2,1938133.71758723721
770,ART,Arts/Entertainment,2024,1,1437220.18126318115
771,LAW,Law Enforcement/Crime/Criminal Justice,2010,2,8681804.72465109038
771,LAW,Law Enforcement/Crime/Criminal Justice,2011,1,8610989.98895731617
772,AUT,Automotive Industry,2010,2,5912928.45419460836
772,AUT,Automotive Industry,2011,1,4145975.87642731649
772,AUT,Automotive Industry,2011,4,4411052.87391562666
772,AUT,Automotive Industry,2012,3,5315858.30528197276
772,AUT,Automotive Industry,2013,2,4145325.58800884774
772,AUT,Automotive Industry,2014,1,3272176.59768851706
773,MAN,Manufacturing,2021,4,8892989.35252214335
773,MAN,Manufacturing,2022,3,9974157.74522699449
773,MAN,Manufacturing,2023,2,10646997.09250793899
773,MAN,Manufacturing,2024,1,12664637.87350210783
773,MAN,Manufacturing,2024,4,12246811.91949997997
774,AVI,Aviation/Aircraft/Airlines,2024,4,15763923.79807745433
775,MAR,Marine/Maritime/Boating/Fisheries,2011,4,6545981.75172192097
775,MAR,Marine/Maritime/Boating/Fisheries,2012,3,6481515.75708639165
775,MAR,Marine/Maritime/Boating/Fisheries,2013,2,5917023.86038814966
775,MAR,Marine/Maritime/Boating/Fisheries,2014,1,5921182.95648013447
775,MAR,Marine/Maritime/Boating/Fisheries,2014,4,7645167.20604395585
775,MAR,Marine/Maritime/Boating/Fisheries,2015,3,5488258.53021814768
775,MAR,Marine/Maritime/Boating/Fisheries,2016,2,5853285.01427657289
775,MAR,Marine/Maritime/Boating/Fisheries,2017,1,5826170.60217589402
775,MAR,Marine/Maritime/Boating/Fisheries,2017,4,6249140.09841735035
775,MAR,Marine/Maritime/Boating/Fisheries,2018,3,6193169.88392489834
775,MAR,Marine/Maritime/Boating/Fisheries,2019,2,6720479.35907817643
775,MAR,Marine/Maritime/Boating/Fisheries,2020,1,6354479.05763680734
775,MAR,Marine/Maritime/Boating/Fisheries,2020,4,6057117.32791097760
775,MAR,Marine/Maritime/Boating/Fisheries,2021,3,5544772.32846858993
775,MAR,Marine/Maritime/Boating/Fisheries,2022,2,7287826.14392666123
775,MAR,Marine/Maritime/Boating/Fisheries,2023,1,7927046.04699023599
776,BAN,Banking,2014,4,18259835.21428504688
776,BAN,Banking,2015,3,16301614.27736466273
776,BAN,Banking,2016,2,16885810.76508286992
776,BAN,Banking,2017,1,18266367.17733238937
776,BAN,Banking,2017,4,18310314.01485204522
776,BAN,Banking,2018,3,17919604.59320203308
776,BAN,Banking,2019,2,20135573.37624495800
776,BAN,Banking,2020,1,23293610.63482479457
776,BAN,Banking,2020,4,23010035.54076760797
776,BAN,Banking,2021,3,21684617.18567858810
776,BAN,Banking,2022,2,23126398.15631890068
776,BAN,Banking,2023,1,26656856.26957895848
776,BAN,Banking,2023,4,28583971.11533236357
776,BAN,Banking,2024,3,27593029.98692497282
777,MIA,Media (Information/Publishing),2010,1,1336682.10049019601
777,MIA,Media (Information/Publishing),2010,4,1349979.85555555550
777,MIA,Media (Information/Publishing),2011,3,1073668.30317460312
777,MIA,Media (Information/Publishing),2012,2,1576062.90256410254
779,MED,Medical/Disease Research/Clinical Labs,2021,2,5345148.40622433081
779,MED,Medical/Disease Research/Clinical Labs,2022,1,6478007.86145389664
779,MED,Medical/Disease Research/Clinical Labs,2022,4,6319946.54068593994
779,MED,Medical/Disease Research/Clinical Labs,2023,3,5143830.88060524408
779,MED,Medical/Disease Research/Clinical Labs,2024,2,5764610.38360805822
780,BEV,Beverage Industry,2010,1,1102343.26102764332
782,BUD,Budget/Appropriations,2010,1,87605891.66899688506
782,BUD,Budget/Appropriations,2010,4,78430281.43030033360
782,BUD,Budget/Appropriations,2011,3,73929014.85752667998
782,BUD,Budget/Appropriations,2012,2,67709862.28363692620
782,BUD,Budget/Appropriations,2013,1,69715137.74619158473
782,BUD,Budget/Appropriations,2013,4,65451930.49866977854
782,BUD,Budget/Appropriations,2014,3,57242429.10151541718
782,BUD,Budget/Appropriations,2015,2,65167126.94779355113
782,BUD,Budget/Appropriations,2016,1,67745758.47636941536
783,MON,Minting/Money/Gold Standard,2010,2,133958.33333333333
783,MON,Minting/Money/Gold Standard,2011,1,278399.00000000000
784,CHM,Chemicals/Chemical Industry,2010,4,7174448.08198251677
784,CHM,Chemicals/Chemical Industry,2011,3,5094254.65391255612
784,CHM,Chemicals/Chemical Industry,2012,2,5706881.11136952233
784,CHM,Chemicals/Chemical Industry,2013,1,5248103.93405597650
784,CHM,Chemicals/Chemical Industry,2013,4,7174597.12710753276
784,CHM,Chemicals/Chemical Industry,2014,3,6428199.28350841883
784,CHM,Chemicals/Chemical Industry,2015,2,6895879.14049570976
784,CHM,Chemicals/Chemical Industry,2016,1,6370197.62396611906
784,CHM,Chemicals/Chemical Industry,2016,4,5331250.17926928574
784,CHM,Chemicals/Chemical Industry,2017,3,4529811.49444645464
784,CHM,Chemicals/Chemical Industry,2018,2,5118497.70547902371
784,CHM,Chemicals/Chemical Industry,2019,1,4698323.11047375539
784,CHM,Chemicals/Chemical Industry,2019,4,5272486.28949869316
784,CHM,Chemicals/Chemical Industry,2020,3,4757180.29622710629
784,CHM,Chemicals/Chemical Industry,2021,2,4652256.45256059704
784,CHM,Chemicals/Chemical Industry,2022,1,5091827.23319850058
785,NAT,Natural Resources,2010,2,10360341.85189354649
785,NAT,Natural Resources,2011,1,9541684.51648180195
785,NAT,Natural Resources,2011,4,10642740.60645087513
785,NAT,Natural Resources,2012,3,10724413.82924142787
785,NAT,Natural Resources,2013,2,11934947.32398680551
785,NAT,Natural Resources,2014,1,11294128.75140399317
785,NAT,Natural Resources,2014,4,13793498.85436692692
785,NAT,Natural Resources,2015,3,10216372.98172987072
785,NAT,Natural Resources,2016,2,11264927.84320349804
785,NAT,Natural Resources,2017,1,11940770.63912476338
786,CIV,Civil Rights/Civil Liberties,2016,4,4607529.08813988280
786,CIV,Civil Rights/Civil Liberties,2017,3,3705370.25185785709
786,CIV,Civil Rights/Civil Liberties,2018,2,4523290.68349720436
786,CIV,Civil Rights/Civil Liberties,2019,1,5961019.76961110756
786,CIV,Civil Rights/Civil Liberties,2019,4,5607191.30308803533
786,CIV,Civil Rights/Civil Liberties,2020,3,7422259.97731293767
786,CIV,Civil Rights/Civil Liberties,2021,2,8818790.25392639316
786,CIV,Civil Rights/Civil Liberties,2022,1,9640817.61042044707
786,CIV,Civil Rights/Civil Liberties,2022,4,9795080.87955751233
786,CIV,Civil Rights/Civil Liberties,2023,3,5899397.02196727302
778,BNK,Bankruptcy,2017,1,2200226.19047619045
778,BNK,Bankruptcy,2017,4,1786904.60927960923
778,BNK,Bankruptcy,2018,3,2160904.22077922075
778,BNK,Bankruptcy,2019,2,2095292.42979242975
778,BNK,Bankruptcy,2020,1,2010910.45991045985
779,MED,Medical/Disease Research/Clinical Labs,2010,3,4847632.34509153094
779,MED,Medical/Disease Research/Clinical Labs,2011,2,5096422.56700151675
779,MED,Medical/Disease Research/Clinical Labs,2012,1,4084107.15677066895
779,MED,Medical/Disease Research/Clinical Labs,2012,4,4534695.74047945491
779,MED,Medical/Disease Research/Clinical Labs,2013,3,3478068.38607062849
779,MED,Medical/Disease Research/Clinical Labs,2014,2,3591683.03174325648
779,MED,Medical/Disease Research/Clinical Labs,2015,1,4451538.62143894086
780,BEV,Beverage Industry,2014,4,2199588.40404040399
780,BEV,Beverage Industry,2015,3,1655629.86580086575
780,BEV,Beverage Industry,2016,2,1987166.30391830387
780,BEV,Beverage Industry,2017,1,1871030.03896103890
780,BEV,Beverage Industry,2017,4,2113560.20990120986
780,BEV,Beverage Industry,2018,3,1695543.67821067817
780,BEV,Beverage Industry,2019,2,1695481.12678987671
780,BEV,Beverage Industry,2020,1,1745729.20268620267
780,BEV,Beverage Industry,2020,4,2302652.52380952380
780,BEV,Beverage Industry,2021,3,1643204.60784313721
780,BEV,Beverage Industry,2022,2,1784093.31674208141
780,BEV,Beverage Industry,2023,1,1256701.84981684977
780,BEV,Beverage Industry,2023,4,1252688.91208791206
780,BEV,Beverage Industry,2024,3,1316502.88278388274
781,MMM,Medicare/Medicaid,2010,3,41767800.35052373986
781,MMM,Medicare/Medicaid,2011,2,42032078.05581458623
781,MMM,Medicare/Medicaid,2012,1,45571006.89778024974
781,MMM,Medicare/Medicaid,2012,4,41559635.19362280176
781,MMM,Medicare/Medicaid,2013,3,43601027.33532767144
781,MMM,Medicare/Medicaid,2014,2,43049030.84378266532
781,MMM,Medicare/Medicaid,2015,1,49251773.15007904774
781,MMM,Medicare/Medicaid,2015,4,44127640.27270335344
781,MMM,Medicare/Medicaid,2016,3,43832619.67084712923
781,MMM,Medicare/Medicaid,2017,2,47102769.98767380175
781,MMM,Medicare/Medicaid,2018,1,52610638.80823196294
781,MMM,Medicare/Medicaid,2018,4,47688464.62510038864
781,MMM,Medicare/Medicaid,2019,3,50463910.51302488236
781,MMM,Medicare/Medicaid,2020,2,52938861.18969625430
781,MMM,Medicare/Medicaid,2021,1,58627900.15061608925
782,BUD,Budget/Appropriations,2020,4,71069546.16474121781
782,BUD,Budget/Appropriations,2021,3,81332264.02915543833
782,BUD,Budget/Appropriations,2022,2,90657715.22350771105
782,BUD,Budget/Appropriations,2023,1,98562570.74317433772
782,BUD,Budget/Appropriations,2023,4,96472468.14998651933
782,BUD,Budget/Appropriations,2024,3,99510043.30012077337
783,MON,Minting/Money/Gold Standard,2015,4,222552.08333333333
783,MON,Minting/Money/Gold Standard,2016,3,183762.82051282051
783,MON,Minting/Money/Gold Standard,2017,2,255368.18181818181
783,MON,Minting/Money/Gold Standard,2018,1,189383.33333333333
783,MON,Minting/Money/Gold Standard,2018,4,232478.57142857142
783,MON,Minting/Money/Gold Standard,2019,3,469346.08187134501
783,MON,Minting/Money/Gold Standard,2020,2,320402.22857142856
783,MON,Minting/Money/Gold Standard,2021,1,231486.70476190474
783,MON,Minting/Money/Gold Standard,2021,4,163412.29090909090
787,PHA,Pharmacy,2021,3,11278798.02957402047
787,PHA,Pharmacy,2022,2,12275024.05579899946
787,PHA,Pharmacy,2023,1,16055887.13442831647
787,PHA,Pharmacy,2023,4,16387891.25700981992
787,PHA,Pharmacy,2024,3,15423920.49062473444
788,CAW,Clean Air & Water (Quality),2010,4,14838464.97962056882
788,CAW,Clean Air & Water (Quality),2011,3,14139176.01544470819
788,CAW,Clean Air & Water (Quality),2012,2,14682917.89713812772
788,CAW,Clean Air & Water (Quality),2013,1,14260178.48188349929
788,CAW,Clean Air & Water (Quality),2013,4,13135265.71398606158
788,CAW,Clean Air & Water (Quality),2014,3,12709698.20023463040
788,CAW,Clean Air & Water (Quality),2015,2,13434392.60611308122
788,CAW,Clean Air & Water (Quality),2016,1,11625938.58949040482
788,CAW,Clean Air & Water (Quality),2016,4,10623240.18370511380
788,CAW,Clean Air & Water (Quality),2017,3,9028737.72013572875
788,CAW,Clean Air & Water (Quality),2018,2,10553217.62386281089
788,CAW,Clean Air & Water (Quality),2019,1,9779547.55208482712
790,CDT,Commodities (Big Ticket),2013,4,2546450.94284800155
790,CDT,Commodities (Big Ticket),2014,3,2716978.22574647561
790,CDT,Commodities (Big Ticket),2015,2,2782813.21118750519
790,CDT,Commodities (Big Ticket),2016,1,2031570.77730607137
790,CDT,Commodities (Big Ticket),2016,4,2631627.44185553000
790,CDT,Commodities (Big Ticket),2017,3,1727062.60433422780
790,CDT,Commodities (Big Ticket),2018,2,1697918.52531094628
790,CDT,Commodities (Big Ticket),2019,1,1933177.08128072639
790,CDT,Commodities (Big Ticket),2019,4,2014456.71124740887
790,CDT,Commodities (Big Ticket),2020,3,1260515.45676545670
790,CDT,Commodities (Big Ticket),2021,2,1621737.23335488037
790,CDT,Commodities (Big Ticket),2022,1,1522845.05200681666
790,CDT,Commodities (Big Ticket),2022,4,1632558.17221993688
790,CDT,Commodities (Big Ticket),2023,3,1520809.45720945714
790,CDT,Commodities (Big Ticket),2024,2,1306092.86546786540
791,RRR,Railroads,2010,3,4962764.48352867871
791,RRR,Railroads,2011,2,5775988.95800390968
791,RRR,Railroads,2012,1,4986648.04861892994
792,COM,Communications/Broadcasting/Radio/TV,2019,4,13251944.46679611217
792,COM,Communications/Broadcasting/Radio/TV,2020,3,11266601.48312798288
792,COM,Communications/Broadcasting/Radio/TV,2021,2,12625271.85613242932
792,COM,Communications/Broadcasting/Radio/TV,2022,1,13766954.50671102173
792,COM,Communications/Broadcasting/Radio/TV,2022,4,13549501.85240909391
792,COM,Communications/Broadcasting/Radio/TV,2023,3,14445694.64614966712
792,COM,Communications/Broadcasting/Radio/TV,2024,2,14871584.66306079516
793,RES,Real Estate/Land Use/Conservation,2010,3,2756150.29069296699
793,RES,Real Estate/Land Use/Conservation,2011,2,2108867.30284421448
793,RES,Real Estate/Land Use/Conservation,2012,1,2181214.71782841324
793,RES,Real Estate/Land Use/Conservation,2012,4,2320737.22811545157
793,RES,Real Estate/Land Use/Conservation,2013,3,2729557.25266400242
793,RES,Real Estate/Land Use/Conservation,2014,2,3477145.48395542346
793,RES,Real Estate/Land Use/Conservation,2015,1,2558717.98611649773
793,RES,Real Estate/Land Use/Conservation,2015,4,3562931.08765678752
793,RES,Real Estate/Land Use/Conservation,2016,3,4067162.76920024407
793,RES,Real Estate/Land Use/Conservation,2017,2,3254339.68144078132
779,MED,Medical/Disease Research/Clinical Labs,2016,1,4622075.23317327638
779,MED,Medical/Disease Research/Clinical Labs,2016,4,5104039.15086293072
779,MED,Medical/Disease Research/Clinical Labs,2017,3,4490272.50656557465
779,MED,Medical/Disease Research/Clinical Labs,2018,2,4794284.07175471557
779,MED,Medical/Disease Research/Clinical Labs,2019,1,4591479.82232155663
780,BEV,Beverage Industry,2010,4,1614145.13343519220
780,BEV,Beverage Industry,2011,3,1704503.24675324672
780,BEV,Beverage Industry,2012,2,1423046.43689643686
780,BEV,Beverage Industry,2013,1,1739607.17388167385
780,BEV,Beverage Industry,2013,4,2088750.94243011883
780,BEV,Beverage Industry,2014,3,1755526.51515151511
780,BEV,Beverage Industry,2015,2,2099487.29004328999
780,BEV,Beverage Industry,2016,1,1783186.44155844152
780,BEV,Beverage Industry,2016,4,2182063.55007215002
780,BEV,Beverage Industry,2017,3,1676539.48340548336
780,BEV,Beverage Industry,2018,2,1806753.71561771556
780,BEV,Beverage Industry,2019,1,1758215.13675213670
780,BEV,Beverage Industry,2019,4,1872840.52380952377
780,BEV,Beverage Industry,2020,3,1544585.76190476189
780,BEV,Beverage Industry,2021,2,1659155.03921568622
780,BEV,Beverage Industry,2022,1,1775375.26546003013
782,BUD,Budget/Appropriations,2010,3,79064160.95857669319
782,BUD,Budget/Appropriations,2011,2,75575750.68116555948
782,BUD,Budget/Appropriations,2012,1,70687531.20104864133
783,MON,Minting/Money/Gold Standard,2019,4,293150.73333333333
783,MON,Minting/Money/Gold Standard,2020,3,359609.45396825395
783,MON,Minting/Money/Gold Standard,2021,2,156458.33333333333
783,MON,Minting/Money/Gold Standard,2022,1,192938.04444444442
783,MON,Minting/Money/Gold Standard,2022,4,232334.79047619047
783,MON,Minting/Money/Gold Standard,2023,3,65833.33333333332
783,MON,Minting/Money/Gold Standard,2024,2,199999.99999999999
784,CHM,Chemicals/Chemical Industry,2022,4,5585746.56187146161
784,CHM,Chemicals/Chemical Industry,2023,3,4616954.26892343209
784,CHM,Chemicals/Chemical Industry,2024,2,6665617.98698271086
785,NAT,Natural Resources,2010,3,9502599.37125980262
785,NAT,Natural Resources,2011,2,10325784.59010795645
785,NAT,Natural Resources,2012,1,10541787.90317073667
785,NAT,Natural Resources,2012,4,10591671.72532714479
785,NAT,Natural Resources,2013,3,12044330.40482143059
785,NAT,Natural Resources,2014,2,10945175.27435619346
785,NAT,Natural Resources,2015,1,11738799.49601273265
785,NAT,Natural Resources,2015,4,10811251.90737557865
785,NAT,Natural Resources,2016,3,10686624.31502832840
785,NAT,Natural Resources,2017,2,11380081.85132014674
785,NAT,Natural Resources,2018,1,12426011.34274754507
785,NAT,Natural Resources,2018,4,13420270.59141068680
785,NAT,Natural Resources,2019,3,12647474.28348683394
785,NAT,Natural Resources,2020,2,12533204.62771279870
785,NAT,Natural Resources,2021,1,11671486.51421941418
786,CIV,Civil Rights/Civil Liberties,2012,4,3076453.52857859798
786,CIV,Civil Rights/Civil Liberties,2013,3,2757387.70843794998
786,CIV,Civil Rights/Civil Liberties,2014,2,3237178.87303062762
786,CIV,Civil Rights/Civil Liberties,2015,1,3081476.36689323736
786,CIV,Civil Rights/Civil Liberties,2015,4,2882772.09983072468
786,CIV,Civil Rights/Civil Liberties,2016,3,4864114.35154817817
779,MED,Medical/Disease Research/Clinical Labs,2018,4,4339291.10433847166
779,MED,Medical/Disease Research/Clinical Labs,2019,3,4601217.48351224764
779,MED,Medical/Disease Research/Clinical Labs,2020,2,5421340.38779080354
779,MED,Medical/Disease Research/Clinical Labs,2021,1,5373159.85624930586
779,MED,Medical/Disease Research/Clinical Labs,2021,4,5505612.88862803822
779,MED,Medical/Disease Research/Clinical Labs,2022,3,6277167.65231794826
779,MED,Medical/Disease Research/Clinical Labs,2023,2,5567926.71059551519
779,MED,Medical/Disease Research/Clinical Labs,2024,1,5906060.90008771379
779,MED,Medical/Disease Research/Clinical Labs,2024,4,4974187.28489565953
780,BEV,Beverage Industry,2010,2,2216157.25569985564
780,BEV,Beverage Industry,2011,1,1474524.95016095010
780,BEV,Beverage Industry,2011,4,1802009.19913419911
780,BEV,Beverage Industry,2012,3,1642470.63303363297
780,BEV,Beverage Industry,2013,2,1787955.09090909086
780,BEV,Beverage Industry,2014,1,1444085.07181054235
781,MMM,Medicare/Medicaid,2021,4,59062382.55126419692
781,MMM,Medicare/Medicaid,2022,3,60468389.18283703934
781,MMM,Medicare/Medicaid,2023,2,60653102.44670007807
781,MMM,Medicare/Medicaid,2024,1,70704963.29696491531
781,MMM,Medicare/Medicaid,2024,4,63043356.58770925358
782,BUD,Budget/Appropriations,2010,2,84348223.46711973951
782,BUD,Budget/Appropriations,2011,1,78674574.96944259581
782,BUD,Budget/Appropriations,2011,4,75020328.11984547460
782,BUD,Budget/Appropriations,2012,3,64959957.45294637611
782,BUD,Budget/Appropriations,2013,2,62370957.46932854929
782,BUD,Budget/Appropriations,2014,1,64839844.69189876288
782,BUD,Budget/Appropriations,2014,4,63347054.27767115256
782,BUD,Budget/Appropriations,2015,3,61052458.16542908900
782,BUD,Budget/Appropriations,2016,2,64918333.16760285731
782,BUD,Budget/Appropriations,2017,1,70721856.54365525311
782,BUD,Budget/Appropriations,2017,4,68314059.44354928778
782,BUD,Budget/Appropriations,2018,3,64135091.12123151978
782,BUD,Budget/Appropriations,2019,2,66149693.03629813500
782,BUD,Budget/Appropriations,2020,1,73269490.93003506544
783,MON,Minting/Money/Gold Standard,2024,4,135666.66666666666
784,CHM,Chemicals/Chemical Industry,2014,4,6258862.85750561559
784,CHM,Chemicals/Chemical Industry,2015,3,6673742.80288016054
784,CHM,Chemicals/Chemical Industry,2016,2,6874911.96333339835
784,CHM,Chemicals/Chemical Industry,2017,1,5426434.61628094110
784,CHM,Chemicals/Chemical Industry,2017,4,5380909.70671280456
784,CHM,Chemicals/Chemical Industry,2018,3,5225221.03331071702
784,CHM,Chemicals/Chemical Industry,2019,2,4456559.45556503093
784,CHM,Chemicals/Chemical Industry,2020,1,4818629.01832781015
784,CHM,Chemicals/Chemical Industry,2020,4,5111873.25004844801
784,CHM,Chemicals/Chemical Industry,2021,3,4143104.87077693526
784,CHM,Chemicals/Chemical Industry,2022,2,4656090.67127153866
784,CHM,Chemicals/Chemical Industry,2023,1,5142031.44123761231
785,NAT,Natural Resources,2010,1,11009743.68910869781
785,NAT,Natural Resources,2010,4,8205796.20632021008
785,NAT,Natural Resources,2011,3,9670616.16020972442
785,NAT,Natural Resources,2012,2,11078955.78985584438
785,NAT,Natural Resources,2013,1,11117986.81034260515
786,CIV,Civil Rights/Civil Liberties,2017,4,4817205.66316658533
779,MED,Medical/Disease Research/Clinical Labs,2021,3,5570580.93341658305
779,MED,Medical/Disease Research/Clinical Labs,2022,2,6215590.86464013853
779,MED,Medical/Disease Research/Clinical Labs,2023,1,5576357.03796732644
780,BEV,Beverage Industry,2010,3,1504589.60533910528
780,BEV,Beverage Industry,2011,2,1536692.48218448214
780,BEV,Beverage Industry,2012,1,1424588.00532800526
780,BEV,Beverage Industry,2012,4,2146424.31313131308
780,BEV,Beverage Industry,2013,3,1460363.30735930732
780,BEV,Beverage Industry,2014,2,2019484.04044974627
780,BEV,Beverage Industry,2015,1,2158707.88057040994
780,BEV,Beverage Industry,2015,4,1920133.22943722939
780,BEV,Beverage Industry,2016,3,1792985.97913197909
780,BEV,Beverage Industry,2017,2,1829529.48340548335
780,BEV,Beverage Industry,2018,1,1779077.03574203569
781,MMM,Medicare/Medicaid,2010,1,45316095.73166815001
781,MMM,Medicare/Medicaid,2010,4,41157886.44171652973
781,MMM,Medicare/Medicaid,2011,3,44014617.12268922053
781,MMM,Medicare/Medicaid,2012,2,41334168.34108580017
781,MMM,Medicare/Medicaid,2013,1,45019889.50957661579
783,MON,Minting/Money/Gold Standard,2023,4,98333.33333333332
783,MON,Minting/Money/Gold Standard,2024,3,221245.75757575756
784,CHM,Chemicals/Chemical Industry,2018,4,4537337.35409035394
784,CHM,Chemicals/Chemical Industry,2019,3,4471637.32197539278
784,CHM,Chemicals/Chemical Industry,2020,2,3973368.37111808680
784,CHM,Chemicals/Chemical Industry,2021,1,4132602.89042536384
784,CHM,Chemicals/Chemical Industry,2021,4,4983902.25998657469
784,CHM,Chemicals/Chemical Industry,2022,3,4881098.37555124585
784,CHM,Chemicals/Chemical Industry,2023,2,4802875.82716592842
784,CHM,Chemicals/Chemical Industry,2024,1,6723060.69301478507
784,CHM,Chemicals/Chemical Industry,2024,4,5583770.28555066524
785,NAT,Natural Resources,2013,4,11228070.03161891041
785,NAT,Natural Resources,2014,3,11144115.93242074503
785,NAT,Natural Resources,2015,2,10767853.79490762003
785,NAT,Natural Resources,2016,1,11340899.99496132275
785,NAT,Natural Resources,2016,4,10861748.40874771821
785,NAT,Natural Resources,2017,3,11212924.20213934596
785,NAT,Natural Resources,2018,2,12300538.77779915211
785,NAT,Natural Resources,2019,1,13689432.92460536465
785,NAT,Natural Resources,2019,4,13776591.44034572570
785,NAT,Natural Resources,2020,3,12441922.04983252783
785,NAT,Natural Resources,2021,2,12961792.48580418974
785,NAT,Natural Resources,2022,1,14685347.23076197884
786,CIV,Civil Rights/Civil Liberties,2010,2,3595986.46927330328
786,CIV,Civil Rights/Civil Liberties,2011,1,2874057.10484016520
786,CIV,Civil Rights/Civil Liberties,2011,4,2523120.86446827542
786,CIV,Civil Rights/Civil Liberties,2012,3,2945371.96828714787
786,CIV,Civil Rights/Civil Liberties,2013,2,2915747.40450159992
786,CIV,Civil Rights/Civil Liberties,2014,1,2810386.22482752581
786,CIV,Civil Rights/Civil Liberties,2014,4,2663367.46328971359
786,CIV,Civil Rights/Civil Liberties,2015,3,2771329.06928724854
786,CIV,Civil Rights/Civil Liberties,2016,2,3258816.24583936855
786,CIV,Civil Rights/Civil Liberties,2017,1,4122157.23203846792
787,PHA,Pharmacy,2010,3,8968288.20210374400
787,PHA,Pharmacy,2011,2,8018366.31753734146
787,PHA,Pharmacy,2012,1,11123864.67117176955
777,MIA,Media (Information/Publishing),2010,2,1239864.99206349200
777,MIA,Media (Information/Publishing),2011,1,1010434.65194805191
777,MIA,Media (Information/Publishing),2011,4,992136.79682539679
777,MIA,Media (Information/Publishing),2012,3,1154101.75482295478
777,MIA,Media (Information/Publishing),2013,2,1829842.57460317455
777,MIA,Media (Information/Publishing),2014,1,1637339.31324255372
777,MIA,Media (Information/Publishing),2014,4,1163599.44573998728
777,MIA,Media (Information/Publishing),2015,3,873691.23492063489
777,MIA,Media (Information/Publishing),2016,2,855705.82222222219
777,MIA,Media (Information/Publishing),2017,1,1260587.09027777775
778,BNK,Bankruptcy,2010,3,2119158.20081819279
778,BNK,Bankruptcy,2011,2,1179612.29365079360
778,BNK,Bankruptcy,2012,1,1685289.26790359393
780,BEV,Beverage Industry,2022,4,2605039.88084464551
780,BEV,Beverage Industry,2023,3,1364134.37395937393
780,BEV,Beverage Industry,2024,2,1495911.85347985344
781,MMM,Medicare/Medicaid,2017,4,47303988.81885354434
781,MMM,Medicare/Medicaid,2018,3,47221558.02888524754
781,MMM,Medicare/Medicaid,2019,2,50290116.82160694425
781,MMM,Medicare/Medicaid,2020,1,58322030.95812919890
781,MMM,Medicare/Medicaid,2020,4,54595022.71675311554
781,MMM,Medicare/Medicaid,2021,3,56810245.30843839538
781,MMM,Medicare/Medicaid,2022,2,56322652.65574048353
781,MMM,Medicare/Medicaid,2023,1,70836635.72766896358
781,MMM,Medicare/Medicaid,2023,4,64942401.91455937848
781,MMM,Medicare/Medicaid,2024,3,60848019.38475219601
782,BUD,Budget/Appropriations,2012,4,65712674.29594004677
782,BUD,Budget/Appropriations,2013,3,61383214.02156558781
782,BUD,Budget/Appropriations,2014,2,60458363.80692797071
782,BUD,Budget/Appropriations,2015,1,65276078.00932127787
782,BUD,Budget/Appropriations,2015,4,63728262.16602713216
782,BUD,Budget/Appropriations,2016,3,61295599.17963592722
782,BUD,Budget/Appropriations,2017,2,68082753.34378841217
782,BUD,Budget/Appropriations,2018,1,76068737.59567059888
782,BUD,Budget/Appropriations,2018,4,62119352.34717646052
782,BUD,Budget/Appropriations,2019,3,64938871.48376824837
782,BUD,Budget/Appropriations,2020,2,70648445.51537976729
782,BUD,Budget/Appropriations,2021,1,77883606.62868150489
782,BUD,Budget/Appropriations,2021,4,83600985.23168098449
782,BUD,Budget/Appropriations,2022,3,88782537.50136771298
782,BUD,Budget/Appropriations,2023,2,96455263.82332767694
782,BUD,Budget/Appropriations,2024,1,106459482.01702549035
783,MON,Minting/Money/Gold Standard,2010,1,118958.33333333333
783,MON,Minting/Money/Gold Standard,2010,4,215000.00000000000
783,MON,Minting/Money/Gold Standard,2011,3,220833.33333333332
783,MON,Minting/Money/Gold Standard,2012,2,526916.66666666664
783,MON,Minting/Money/Gold Standard,2013,1,423158.33333333331
783,MON,Minting/Money/Gold Standard,2013,4,444635.03118503117
783,MON,Minting/Money/Gold Standard,2014,3,304498.17054263565
783,MON,Minting/Money/Gold Standard,2015,2,285555.55555555554
783,MON,Minting/Money/Gold Standard,2016,1,191531.43274853800
783,MON,Minting/Money/Gold Standard,2016,4,190686.90476190476
783,MON,Minting/Money/Gold Standard,2017,3,259459.09090909090
783,MON,Minting/Money/Gold Standard,2018,2,230146.27976190475
783,MON,Minting/Money/Gold Standard,2019,1,224765.62500000000
777,MIA,Media (Information/Publishing),2013,1,1722735.33321696220
778,BNK,Bankruptcy,2010,1,2722995.10982584328
778,BNK,Bankruptcy,2010,4,1981120.20126999868
778,BNK,Bankruptcy,2011,3,1349681.48825684115
778,BNK,Bankruptcy,2012,2,2196228.72012373586
778,BNK,Bankruptcy,2013,1,2498980.57309962854
778,BNK,Bankruptcy,2013,4,1487127.12519494280
778,BNK,Bankruptcy,2014,3,2169689.18554605324
778,BNK,Bankruptcy,2015,2,2414815.92481203002
778,BNK,Bankruptcy,2016,1,3761616.68904428899
779,MED,Medical/Disease Research/Clinical Labs,2023,4,5503417.76264115965
779,MED,Medical/Disease Research/Clinical Labs,2024,3,5377511.28388905741
781,MMM,Medicare/Medicaid,2013,4,44826525.35927681276
781,MMM,Medicare/Medicaid,2014,3,42764068.42046126458
781,MMM,Medicare/Medicaid,2015,2,46033279.23397322381
781,MMM,Medicare/Medicaid,2016,1,47371281.72949361045
781,MMM,Medicare/Medicaid,2016,4,43019975.01718419035
781,MMM,Medicare/Medicaid,2017,3,46125722.43698612654
781,MMM,Medicare/Medicaid,2018,2,46351878.39926821428
781,MMM,Medicare/Medicaid,2019,1,52908708.71463390295
781,MMM,Medicare/Medicaid,2019,4,52581462.54192709165
781,MMM,Medicare/Medicaid,2020,3,50801218.33698706318
781,MMM,Medicare/Medicaid,2021,2,54483019.61600715603
781,MMM,Medicare/Medicaid,2022,1,64419238.84614436969
781,MMM,Medicare/Medicaid,2022,4,60891970.08191301240
781,MMM,Medicare/Medicaid,2023,3,62836059.47819398466
781,MMM,Medicare/Medicaid,2024,2,64295774.03497760262
782,BUD,Budget/Appropriations,2016,4,61500904.69851357385
782,BUD,Budget/Appropriations,2017,3,65862188.90065059815
782,BUD,Budget/Appropriations,2018,2,65773185.97436189957
782,BUD,Budget/Appropriations,2019,1,69746766.42700386738
782,BUD,Budget/Appropriations,2019,4,66589022.06019751450
782,BUD,Budget/Appropriations,2020,3,69280559.85263228756
782,BUD,Budget/Appropriations,2021,2,79094260.21547133725
782,BUD,Budget/Appropriations,2022,1,88688132.83256497290
782,BUD,Budget/Appropriations,2022,4,92212379.65689326599
782,BUD,Budget/Appropriations,2023,3,93124049.19745903845
782,BUD,Budget/Appropriations,2024,2,105047960.06496754512
783,MON,Minting/Money/Gold Standard,2010,3,135613.33333333333
783,MON,Minting/Money/Gold Standard,2011,2,270055.55555555554
783,MON,Minting/Money/Gold Standard,2012,1,333499.99999999998
783,MON,Minting/Money/Gold Standard,2012,4,430399.99999999998
783,MON,Minting/Money/Gold Standard,2013,3,517096.75252525251
783,MON,Minting/Money/Gold Standard,2014,2,352997.37606837606
783,MON,Minting/Money/Gold Standard,2015,1,272500.00000000000
784,CHM,Chemicals/Chemical Industry,2010,3,7648307.17188595696
784,CHM,Chemicals/Chemical Industry,2011,2,5543512.44756923195
784,CHM,Chemicals/Chemical Industry,2012,1,5651376.18182753783
784,CHM,Chemicals/Chemical Industry,2012,4,6720441.09648897275
784,CHM,Chemicals/Chemical Industry,2013,3,7217820.04969681709
784,CHM,Chemicals/Chemical Industry,2014,2,6110098.46768177527
784,CHM,Chemicals/Chemical Industry,2015,1,6188043.55332963800
784,CHM,Chemicals/Chemical Industry,2015,4,7106065.10792489222
784,CHM,Chemicals/Chemical Industry,2016,3,5534065.55530887822
784,CHM,Chemicals/Chemical Industry,2017,2,4889587.63587219214
784,CHM,Chemicals/Chemical Industry,2018,1,5071644.66785955959
786,CIV,Civil Rights/Civil Liberties,2024,2,7342582.42495165358
787,PHA,Pharmacy,2011,4,10604208.94907795143
787,PHA,Pharmacy,2012,3,8609795.46636514712
787,PHA,Pharmacy,2013,2,9229355.11208036863
787,PHA,Pharmacy,2014,1,10270726.02255938051
787,PHA,Pharmacy,2014,4,9541796.18183169149
787,PHA,Pharmacy,2015,3,8483286.87180567948
787,PHA,Pharmacy,2016,2,8638816.35781440757
787,PHA,Pharmacy,2017,1,9125890.80186925620
787,PHA,Pharmacy,2017,4,9408754.13669524891
787,PHA,Pharmacy,2018,3,10162021.41176576659
787,PHA,Pharmacy,2019,2,11001051.94519663466
787,PHA,Pharmacy,2020,1,12242291.08634299817
788,CAW,Clean Air & Water (Quality),2019,4,10163124.61148914909
788,CAW,Clean Air & Water (Quality),2020,3,8716279.90052814357
788,CAW,Clean Air & Water (Quality),2021,2,8855879.85970310251
788,CAW,Clean Air & Water (Quality),2022,1,9380373.67179083906
788,CAW,Clean Air & Water (Quality),2022,4,9199371.27313630258
788,CAW,Clean Air & Water (Quality),2023,3,7744167.92852530638
788,CAW,Clean Air & Water (Quality),2024,2,8780689.74509325491
789,POS,Postal,2014,4,4780868.78818681305
789,POS,Postal,2015,3,3614425.40904177502
789,POS,Postal,2016,2,3961061.75806676967
789,POS,Postal,2017,1,3901661.65304972790
789,POS,Postal,2017,4,3292991.92451992431
789,POS,Postal,2018,3,4253417.78029507938
789,POS,Postal,2019,2,3164998.83230804266
789,POS,Postal,2020,1,3967143.14289380904
789,POS,Postal,2020,4,4611467.97718896155
789,POS,Postal,2021,3,4544152.45966771576
789,POS,Postal,2022,2,3980338.39006691642
789,POS,Postal,2023,1,2756505.69403543301
789,POS,Postal,2023,4,2433957.48514770242
789,POS,Postal,2024,3,2481148.42879584170
791,RRR,Railroads,2020,4,2296187.45183150169
791,RRR,Railroads,2021,3,2940061.43357753343
791,RRR,Railroads,2022,2,3086837.30283719533
791,RRR,Railroads,2023,1,5144141.94009499250
791,RRR,Railroads,2023,4,4424065.08022515099
791,RRR,Railroads,2024,3,4003091.92552047655
792,COM,Communications/Broadcasting/Radio/TV,2010,2,16953353.66294232055
792,COM,Communications/Broadcasting/Radio/TV,2011,1,19654552.79203706120
794,CPI,Computer Industry,2010,2,4882390.71892081297
794,CPI,Computer Industry,2011,1,5270437.57370680384
794,CPI,Computer Industry,2011,4,5984773.71094686961
794,CPI,Computer Industry,2012,3,5675946.79455486013
794,CPI,Computer Industry,2013,2,5407234.29448020140
794,CPI,Computer Industry,2014,1,5533495.86584119034
794,CPI,Computer Industry,2014,4,4681697.17884964374
794,CPI,Computer Industry,2015,3,6373962.17612044789
794,CPI,Computer Industry,2016,2,5926568.42386763536
794,CPI,Computer Industry,2017,1,6406286.66594516571
795,REL,Religion,2010,3,98088.94397759101
795,REL,Religion,2011,2,145450.42124542121
795,REL,Religion,2012,1,119263.52064152062
796,CSP,Consumer Issues/Safety/Protection,2011,4,15848193.90185443956
796,CSP,Consumer Issues/Safety/Protection,2012,3,14494638.26604279738
796,CSP,Consumer Issues/Safety/Protection,2013,2,12622041.33542720990
796,CSP,Consumer Issues/Safety/Protection,2014,1,13569638.30437369302
796,CSP,Consumer Issues/Safety/Protection,2014,4,13505002.40321852714
796,CSP,Consumer Issues/Safety/Protection,2015,3,13917144.04706579055
796,CSP,Consumer Issues/Safety/Protection,2016,2,14745873.52362895521
783,MON,Minting/Money/Gold Standard,2022,3,220467.46666666666
783,MON,Minting/Money/Gold Standard,2023,2,74166.66666666666
783,MON,Minting/Money/Gold Standard,2024,1,108333.33333333332
784,CHM,Chemicals/Chemical Industry,2023,4,5944823.16012745400
784,CHM,Chemicals/Chemical Industry,2024,3,6288892.22730264633
785,NAT,Natural Resources,2021,4,13776961.94785416604
785,NAT,Natural Resources,2022,3,13368141.17727430370
785,NAT,Natural Resources,2023,2,14630698.77731446001
785,NAT,Natural Resources,2024,1,16606192.11373491400
785,NAT,Natural Resources,2024,4,16613339.58939269459
786,CIV,Civil Rights/Civil Liberties,2010,3,3813624.43791937753
786,CIV,Civil Rights/Civil Liberties,2011,2,2642985.60108677001
786,CIV,Civil Rights/Civil Liberties,2012,1,3126409.96272116227
787,PHA,Pharmacy,2024,4,15156274.47750027717
788,CAW,Clean Air & Water (Quality),2010,3,15834640.81908417964
788,CAW,Clean Air & Water (Quality),2011,2,15420937.11406226981
788,CAW,Clean Air & Water (Quality),2012,1,16318984.11598648800
788,CAW,Clean Air & Water (Quality),2012,4,15967702.35357904410
788,CAW,Clean Air & Water (Quality),2013,3,11922458.84491137146
788,CAW,Clean Air & Water (Quality),2014,2,12425328.62926403920
788,CAW,Clean Air & Water (Quality),2015,1,13836076.36449718941
789,POS,Postal,2010,1,1666583.65442253818
789,POS,Postal,2010,4,2199945.02337662334
789,POS,Postal,2011,3,3316974.19595535166
789,POS,Postal,2012,2,5886144.57231972792
789,POS,Postal,2013,1,5053789.31275303626
790,CDT,Commodities (Big Ticket),2010,3,3196778.86045672664
790,CDT,Commodities (Big Ticket),2011,2,3497901.99623532628
790,CDT,Commodities (Big Ticket),2012,1,3220543.39396866473
790,CDT,Commodities (Big Ticket),2012,4,3136636.90744990734
790,CDT,Commodities (Big Ticket),2013,3,2227230.40620817076
790,CDT,Commodities (Big Ticket),2014,2,3246640.46372565667
790,CDT,Commodities (Big Ticket),2015,1,2857357.97979797971
790,CDT,Commodities (Big Ticket),2015,4,2781109.02497257633
790,CDT,Commodities (Big Ticket),2016,3,2235584.08422786356
790,CDT,Commodities (Big Ticket),2017,2,1693361.75857400469
790,CDT,Commodities (Big Ticket),2018,1,1874518.63114663109
790,CDT,Commodities (Big Ticket),2018,4,1866107.40870240865
790,CDT,Commodities (Big Ticket),2019,3,1861284.30422209364
790,CDT,Commodities (Big Ticket),2020,2,1675482.51748251743
790,CDT,Commodities (Big Ticket),2021,1,1486273.08656256021
791,RRR,Railroads,2010,1,5875631.92321550975
791,RRR,Railroads,2010,4,5336589.86188354968
791,RRR,Railroads,2011,3,5347850.30823272861
791,RRR,Railroads,2012,2,4852735.70154156289
791,RRR,Railroads,2013,1,4275138.28187204940
791,RRR,Railroads,2013,4,3728426.08063994814
791,RRR,Railroads,2014,3,4629618.57387444403
791,RRR,Railroads,2015,2,5357616.76512931486
791,RRR,Railroads,2016,1,3646930.59559329536
792,COM,Communications/Broadcasting/Radio/TV,2015,4,12407964.51547765932
792,COM,Communications/Broadcasting/Radio/TV,2016,3,11533597.54262736027
792,COM,Communications/Broadcasting/Radio/TV,2017,2,12338519.68116503350
792,COM,Communications/Broadcasting/Radio/TV,2018,1,12861059.01799928904
792,COM,Communications/Broadcasting/Radio/TV,2018,4,12260568.62348207321
792,COM,Communications/Broadcasting/Radio/TV,2019,3,12616445.55533530773
793,RES,Real Estate/Land Use/Conservation,2018,1,3391577.90860805849
795,REL,Religion,2012,4,156701.70683118047
795,REL,Religion,2013,3,68598.83286647989
795,REL,Religion,2014,2,74371.59004884001
795,REL,Religion,2015,1,42967.05882352937
795,REL,Religion,2015,4,83331.53722258129
795,REL,Religion,2016,3,72434.98168498164
795,REL,Religion,2017,2,102185.65894281152
795,REL,Religion,2018,1,92412.19624819620
795,REL,Religion,2018,4,125157.90800865797
795,REL,Religion,2019,3,268310.19841269837
795,REL,Religion,2020,2,125697.69047619044
795,REL,Religion,2021,1,132456.70995670992
795,REL,Religion,2021,4,98718.61471861468
795,REL,Religion,2022,3,133595.23809523808
795,REL,Religion,2023,2,135123.52941176470
795,REL,Religion,2024,1,167916.66666666666
796,CSP,Consumer Issues/Safety/Protection,2010,2,14132725.27523388433
796,CSP,Consumer Issues/Safety/Protection,2011,1,16063547.89569305371
797,RET,Retirement,2018,4,10915838.14933152460
797,RET,Retirement,2019,3,11193634.42934648737
797,RET,Retirement,2020,2,11058215.91386218231
797,RET,Retirement,2021,1,10331002.70446697788
797,RET,Retirement,2021,4,9285334.51823013560
797,RET,Retirement,2022,3,10811250.76915055827
797,RET,Retirement,2023,2,9500687.15139825689
797,RET,Retirement,2024,1,10972564.51712381145
797,RET,Retirement,2024,4,10744556.81899468649
798,CON,Constitution,2010,2,1678830.13213074180
798,CON,Constitution,2011,1,1138991.10907265443
798,CON,Constitution,2011,4,748822.26593947594
798,CON,Constitution,2012,3,889090.14554889544
798,CON,Constitution,2013,2,1303606.93947718941
798,CON,Constitution,2014,1,1314237.58566335619
798,CON,Constitution,2014,4,845833.74903984899
798,CON,Constitution,2015,3,861990.82863606974
798,CON,Constitution,2016,2,1155982.26372311890
798,CON,Constitution,2017,1,1685937.03696303689
799,ROD,Roads/Highway,2024,4,1621150.96750471734
800,CPT,Copyright/Patent/Trademark,2011,4,28761583.37617388927
800,CPT,Copyright/Patent/Trademark,2012,3,21742845.31201973496
800,CPT,Copyright/Patent/Trademark,2013,2,24212311.19056254996
800,CPT,Copyright/Patent/Trademark,2014,1,35132926.03553486291
800,CPT,Copyright/Patent/Trademark,2014,4,26367157.59060486876
800,CPT,Copyright/Patent/Trademark,2015,3,32640533.55227610258
800,CPT,Copyright/Patent/Trademark,2016,2,30137642.43564382329
800,CPT,Copyright/Patent/Trademark,2017,1,26240459.90421968321
800,CPT,Copyright/Patent/Trademark,2017,4,24461228.80189214315
800,CPT,Copyright/Patent/Trademark,2018,3,24192968.85317138564
800,CPT,Copyright/Patent/Trademark,2019,2,25337931.47794950167
800,CPT,Copyright/Patent/Trademark,2020,1,27393509.57873339146
800,CPT,Copyright/Patent/Trademark,2020,4,22462813.13927690913
800,CPT,Copyright/Patent/Trademark,2021,3,23721064.42210019164
800,CPT,Copyright/Patent/Trademark,2022,2,26160800.33929488958
800,CPT,Copyright/Patent/Trademark,2023,1,25453325.59334125835
801,SCI,Science/Technology,2010,1,8217487.45032357831
802,DEF,Defense,2017,4,33056385.13515269747
802,DEF,Defense,2018,3,35670060.49228342388
802,DEF,Defense,2019,2,39126953.94689268892
802,DEF,Defense,2020,1,38844632.80202255268
802,DEF,Defense,2020,4,42493017.63659736620
802,DEF,Defense,2021,3,43534453.67276779775
786,CIV,Civil Rights/Civil Liberties,2017,2,4032778.45285834926
786,CIV,Civil Rights/Civil Liberties,2018,1,4805795.16852346980
786,CIV,Civil Rights/Civil Liberties,2018,4,5005515.09563671602
786,CIV,Civil Rights/Civil Liberties,2019,3,5397814.95209867508
786,CIV,Civil Rights/Civil Liberties,2020,2,5747375.12386694374
786,CIV,Civil Rights/Civil Liberties,2021,1,8755068.38274207731
787,PHA,Pharmacy,2010,2,8172571.78021441492
787,PHA,Pharmacy,2011,1,9364783.59357240176
788,CAW,Clean Air & Water (Quality),2010,2,15612794.71928177100
788,CAW,Clean Air & Water (Quality),2011,1,16761451.90870938039
788,CAW,Clean Air & Water (Quality),2011,4,16552240.50553854323
788,CAW,Clean Air & Water (Quality),2012,3,14571521.15803946845
788,CAW,Clean Air & Water (Quality),2013,2,13053184.76818664575
788,CAW,Clean Air & Water (Quality),2014,1,13134068.54456287245
789,POS,Postal,2018,4,3587836.04165012818
789,POS,Postal,2019,3,2916785.35978984881
789,POS,Postal,2020,2,3782940.99967613016
789,POS,Postal,2021,1,4463131.40080518357
789,POS,Postal,2021,4,5553568.31413158400
789,POS,Postal,2022,3,3536143.21888904364
789,POS,Postal,2023,2,3024225.43707500215
789,POS,Postal,2024,1,2698357.27678118967
789,POS,Postal,2024,4,2586579.99882339869
790,CDT,Commodities (Big Ticket),2021,4,1620447.14435890900
790,CDT,Commodities (Big Ticket),2022,3,1627006.32700632696
790,CDT,Commodities (Big Ticket),2023,2,1667134.42113442107
790,CDT,Commodities (Big Ticket),2024,1,1605185.60606060601
790,CDT,Commodities (Big Ticket),2024,4,1748252.77500277493
791,RRR,Railroads,2010,2,5403322.35221068638
791,RRR,Railroads,2011,1,5443135.02552520990
791,RRR,Railroads,2011,4,5383458.83162351234
791,RRR,Railroads,2012,3,3937806.33247618381
791,RRR,Railroads,2013,2,4123162.28729644525
791,RRR,Railroads,2014,1,4389972.09973016733
791,RRR,Railroads,2014,4,4337439.99078611426
791,RRR,Railroads,2015,3,5160297.58645635390
791,RRR,Railroads,2016,2,3489803.39759962240
791,RRR,Railroads,2017,1,3696911.04107310798
791,RRR,Railroads,2017,4,3172194.02482174665
791,RRR,Railroads,2018,3,3172551.58553799121
791,RRR,Railroads,2019,2,3036865.69024357980
791,RRR,Railroads,2020,1,3278916.15600124795
792,COM,Communications/Broadcasting/Radio/TV,2011,4,14493331.77621591422
792,COM,Communications/Broadcasting/Radio/TV,2012,3,12539978.73613272098
792,COM,Communications/Broadcasting/Radio/TV,2013,2,12134014.61829567668
792,COM,Communications/Broadcasting/Radio/TV,2014,1,13738291.03365318856
792,COM,Communications/Broadcasting/Radio/TV,2014,4,14236285.75068368047
792,COM,Communications/Broadcasting/Radio/TV,2015,3,11627584.36307246217
792,COM,Communications/Broadcasting/Radio/TV,2016,2,11438317.45080308845
792,COM,Communications/Broadcasting/Radio/TV,2017,1,12401280.24840021064
792,COM,Communications/Broadcasting/Radio/TV,2017,4,12104256.13105933319
792,COM,Communications/Broadcasting/Radio/TV,2018,3,12313794.84669703028
792,COM,Communications/Broadcasting/Radio/TV,2019,2,12647803.19580465863
792,COM,Communications/Broadcasting/Radio/TV,2020,1,13186206.28215052896
792,COM,Communications/Broadcasting/Radio/TV,2020,4,12548107.16180347404
792,COM,Communications/Broadcasting/Radio/TV,2021,3,12140618.32527766319
792,COM,Communications/Broadcasting/Radio/TV,2022,2,13622702.19695311194
796,CSP,Consumer Issues/Safety/Protection,2017,1,15548279.47634927803
796,CSP,Consumer Issues/Safety/Protection,2017,4,15176628.78520822425
796,CSP,Consumer Issues/Safety/Protection,2018,3,15268028.00749576792
796,CSP,Consumer Issues/Safety/Protection,2019,2,18697266.67070823623
796,CSP,Consumer Issues/Safety/Protection,2020,1,17495502.53754307736
796,CSP,Consumer Issues/Safety/Protection,2020,4,15721911.52734684573
796,CSP,Consumer Issues/Safety/Protection,2021,3,14767504.91075285306
796,CSP,Consumer Issues/Safety/Protection,2022,2,16464732.39131696874
796,CSP,Consumer Issues/Safety/Protection,2023,1,19840123.01167757448
797,RET,Retirement,2010,3,10752142.90256774586
797,RET,Retirement,2011,2,10140716.64748741606
797,RET,Retirement,2012,1,11225741.17040534633
797,RET,Retirement,2012,4,10349446.64821683550
797,RET,Retirement,2013,3,10779812.98037787483
797,RET,Retirement,2014,2,10709724.63520562556
797,RET,Retirement,2015,1,10890449.26937000881
797,RET,Retirement,2015,4,10881129.74053242052
797,RET,Retirement,2016,3,11422911.91088582100
797,RET,Retirement,2017,2,9421308.43488658069
797,RET,Retirement,2018,1,12457441.16651681614
798,CON,Constitution,2017,4,1302886.05383305262
798,CON,Constitution,2018,3,858130.76069527299
798,CON,Constitution,2019,2,733258.76676849029
798,CON,Constitution,2020,1,678624.00538360688
798,CON,Constitution,2020,4,1260830.97709053925
798,CON,Constitution,2021,3,1017702.01834072352
798,CON,Constitution,2022,2,989768.97037156164
798,CON,Constitution,2023,1,851008.15550414493
798,CON,Constitution,2023,4,761196.03308930916
798,CON,Constitution,2024,3,832023.37196781539
799,ROD,Roads/Highway,2012,4,2079008.60762858992
799,ROD,Roads/Highway,2013,3,1139268.85839745027
799,ROD,Roads/Highway,2014,2,1933301.42731712708
799,ROD,Roads/Highway,2015,1,2165528.00095562305
799,ROD,Roads/Highway,2015,4,1729186.04450704070
799,ROD,Roads/Highway,2016,3,1224042.15753813162
799,ROD,Roads/Highway,2017,2,1553343.56783633011
799,ROD,Roads/Highway,2018,1,1597371.45509147690
799,ROD,Roads/Highway,2018,4,1509446.95932890615
799,ROD,Roads/Highway,2019,3,1191784.05365876794
799,ROD,Roads/Highway,2020,2,1734169.72692030169
799,ROD,Roads/Highway,2021,1,2047417.28714581451
799,ROD,Roads/Highway,2021,4,1969386.06772288146
799,ROD,Roads/Highway,2022,3,1845407.58447247179
799,ROD,Roads/Highway,2023,2,1786261.03360502093
799,ROD,Roads/Highway,2024,1,1686551.25210761444
800,CPT,Copyright/Patent/Trademark,2023,4,24275823.35472731534
800,CPT,Copyright/Patent/Trademark,2024,3,24770790.52282716091
801,SCI,Science/Technology,2018,4,9341258.06372451016
801,SCI,Science/Technology,2019,3,12233926.25711591395
801,SCI,Science/Technology,2020,2,11989829.83102680502
801,SCI,Science/Technology,2021,1,13504628.15506298759
801,SCI,Science/Technology,2021,4,17784821.06869496233
801,SCI,Science/Technology,2022,3,19794241.19839196986
801,SCI,Science/Technology,2023,2,20050636.32428635625
801,SCI,Science/Technology,2024,1,22887903.10930341477
801,SCI,Science/Technology,2024,4,22257073.11342839108
803,SMB,Small Business,2024,4,8685601.81296039566
804,DOC,District of Columbia,2010,3,198164.50216450213
804,DOC,District of Columbia,2011,2,210889.94379084964
784,CHM,Chemicals/Chemical Industry,2010,2,5436549.72468129999
784,CHM,Chemicals/Chemical Industry,2011,1,5865374.57864911562
784,CHM,Chemicals/Chemical Industry,2011,4,6282531.22065090894
784,CHM,Chemicals/Chemical Industry,2012,3,6491459.64354361646
784,CHM,Chemicals/Chemical Industry,2013,2,6247453.96402866116
784,CHM,Chemicals/Chemical Industry,2014,1,6240708.19839934862
786,CIV,Civil Rights/Civil Liberties,2021,4,8853964.62681812322
786,CIV,Civil Rights/Civil Liberties,2022,3,10436474.83433286005
786,CIV,Civil Rights/Civil Liberties,2023,2,6192465.97761949337
786,CIV,Civil Rights/Civil Liberties,2024,1,7443876.01817394706
786,CIV,Civil Rights/Civil Liberties,2024,4,7615218.35019054617
787,PHA,Pharmacy,2016,4,8906764.40569682231
787,PHA,Pharmacy,2017,3,9063113.73050747536
787,PHA,Pharmacy,2018,2,10172431.54948809326
787,PHA,Pharmacy,2019,1,12033130.75622009539
787,PHA,Pharmacy,2019,4,12049418.41190505371
787,PHA,Pharmacy,2020,3,11406380.86743160187
787,PHA,Pharmacy,2021,2,10997986.64918969890
787,PHA,Pharmacy,2022,1,14267536.50867945235
787,PHA,Pharmacy,2022,4,12239254.09678965650
787,PHA,Pharmacy,2023,3,15718961.63373293338
787,PHA,Pharmacy,2024,2,15459608.72675135290
788,CAW,Clean Air & Water (Quality),2014,4,13082351.07993471997
788,CAW,Clean Air & Water (Quality),2015,3,12040916.52843937039
788,CAW,Clean Air & Water (Quality),2016,2,11116194.63631626773
788,CAW,Clean Air & Water (Quality),2017,1,10259056.66440781377
788,CAW,Clean Air & Water (Quality),2017,4,9317100.07471658031
788,CAW,Clean Air & Water (Quality),2018,3,9849860.71137048785
788,CAW,Clean Air & Water (Quality),2019,2,9175254.28882509327
788,CAW,Clean Air & Water (Quality),2020,1,10117503.91233895865
788,CAW,Clean Air & Water (Quality),2020,4,8818235.60939729707
788,CAW,Clean Air & Water (Quality),2021,3,8777293.52129843937
788,CAW,Clean Air & Water (Quality),2022,2,9083835.22537970783
788,CAW,Clean Air & Water (Quality),2023,1,9442300.45815758740
789,POS,Postal,2010,3,2853716.65656565650
789,POS,Postal,2011,2,2752787.31984126976
789,POS,Postal,2012,1,5729911.91302281309
789,POS,Postal,2012,4,5438894.82386357581
789,POS,Postal,2013,3,4767381.94375994356
789,POS,Postal,2014,2,4583422.78240093220
789,POS,Postal,2015,1,4010660.34831932759
789,POS,Postal,2015,4,4351242.41191586175
789,POS,Postal,2016,3,3242427.28781509750
789,POS,Postal,2017,2,3568707.07050465860
789,POS,Postal,2018,1,3826124.23884719766
790,CDT,Commodities (Big Ticket),2010,1,3350954.16465805424
790,CDT,Commodities (Big Ticket),2010,4,3603003.69400774652
790,CDT,Commodities (Big Ticket),2011,3,2725341.66524800725
790,CDT,Commodities (Big Ticket),2012,2,2622202.92058912635
790,CDT,Commodities (Big Ticket),2013,1,2480629.50937950929
792,COM,Communications/Broadcasting/Radio/TV,2023,4,15635780.38283958881
792,COM,Communications/Broadcasting/Radio/TV,2024,3,14300911.39495310738
793,RES,Real Estate/Land Use/Conservation,2018,4,3831925.29184981671
793,RES,Real Estate/Land Use/Conservation,2019,3,2786855.99801864789
793,RES,Real Estate/Land Use/Conservation,2020,2,3323790.30695154503
793,RES,Real Estate/Land Use/Conservation,2021,1,2853017.81549839034
793,RES,Real Estate/Land Use/Conservation,2021,4,2655966.62229349581
786,CIV,Civil Rights/Civil Liberties,2018,3,5802850.63732408712
786,CIV,Civil Rights/Civil Liberties,2019,2,5784419.52421267828
786,CIV,Civil Rights/Civil Liberties,2020,1,6278233.70882868777
786,CIV,Civil Rights/Civil Liberties,2020,4,7412793.40903923784
786,CIV,Civil Rights/Civil Liberties,2021,3,9253067.84398786737
786,CIV,Civil Rights/Civil Liberties,2022,2,8595590.70649123839
786,CIV,Civil Rights/Civil Liberties,2023,1,7295635.65029126851
786,CIV,Civil Rights/Civil Liberties,2023,4,6687692.43854508320
786,CIV,Civil Rights/Civil Liberties,2024,3,8328491.69806372150
787,PHA,Pharmacy,2010,1,9536110.78057034447
787,PHA,Pharmacy,2010,4,8673210.26751629845
787,PHA,Pharmacy,2011,3,8243329.21606235161
787,PHA,Pharmacy,2012,2,9990121.57417443786
787,PHA,Pharmacy,2013,1,9698991.30016190362
787,PHA,Pharmacy,2013,4,11315653.29522056865
787,PHA,Pharmacy,2014,3,9714172.77361059966
787,PHA,Pharmacy,2015,2,9389980.98769008746
787,PHA,Pharmacy,2016,1,8903088.04661400668
788,CAW,Clean Air & Water (Quality),2023,4,8836218.42038203250
788,CAW,Clean Air & Water (Quality),2024,3,8433521.76261114011
789,POS,Postal,2013,4,5592921.96567876545
789,POS,Postal,2014,3,4229209.12744535146
789,POS,Postal,2015,2,3745013.88053759954
789,POS,Postal,2016,1,3864676.35797372546
789,POS,Postal,2016,4,3961018.62085039125
789,POS,Postal,2017,3,3055627.51135835249
789,POS,Postal,2018,2,3815648.55555555535
789,POS,Postal,2019,1,3076600.54300085864
789,POS,Postal,2019,4,3169782.65535458735
789,POS,Postal,2020,3,4186412.05442956954
789,POS,Postal,2021,2,4299908.64939440152
789,POS,Postal,2022,1,6679944.20031449582
791,RRR,Railroads,2016,4,3245549.22684377004
791,RRR,Railroads,2017,3,3113119.92892156842
791,RRR,Railroads,2018,2,3228542.96776213965
791,RRR,Railroads,2019,1,3038975.98050887004
791,RRR,Railroads,2019,4,3357820.49704771958
791,RRR,Railroads,2020,3,2371403.05595793083
791,RRR,Railroads,2021,2,3193239.81670551653
791,RRR,Railroads,2022,1,3188841.86162252763
791,RRR,Railroads,2022,4,4340432.07050678061
791,RRR,Railroads,2023,3,4143231.60425326288
791,RRR,Railroads,2024,2,3955395.50133959592
792,COM,Communications/Broadcasting/Radio/TV,2010,3,15364462.18887947764
792,COM,Communications/Broadcasting/Radio/TV,2011,2,16499255.52922665535
792,COM,Communications/Broadcasting/Radio/TV,2012,1,13940769.25102078163
792,COM,Communications/Broadcasting/Radio/TV,2012,4,12594853.06316477606
792,COM,Communications/Broadcasting/Radio/TV,2013,3,11773169.32203969015
792,COM,Communications/Broadcasting/Radio/TV,2014,2,14496076.78277604720
792,COM,Communications/Broadcasting/Radio/TV,2015,1,13640044.29614731642
793,RES,Real Estate/Land Use/Conservation,2022,4,2399699.92435897421
793,RES,Real Estate/Land Use/Conservation,2023,3,2726991.67099012082
793,RES,Real Estate/Land Use/Conservation,2024,2,2654934.43455368146
794,CPI,Computer Industry,2010,3,4582720.56372646930
794,CPI,Computer Industry,2011,2,5105411.82401177231
794,CPI,Computer Industry,2012,1,5624079.02430902408
794,CPI,Computer Industry,2012,4,6332097.60715163914
794,CPI,Computer Industry,2013,3,4985455.49769674747
794,CPI,Computer Industry,2014,2,5435461.79021753418
794,CPI,Computer Industry,2015,1,6342863.33990127497
785,NAT,Natural Resources,2022,4,13839849.39059382738
785,NAT,Natural Resources,2023,3,15006283.66471001157
785,NAT,Natural Resources,2024,2,15938974.84097281196
787,PHA,Pharmacy,2015,4,9013306.73472521613
787,PHA,Pharmacy,2016,3,8810958.01168113263
787,PHA,Pharmacy,2017,2,8694497.00174002311
787,PHA,Pharmacy,2018,1,10586870.82112332084
787,PHA,Pharmacy,2018,4,10603681.02045177016
787,PHA,Pharmacy,2019,3,11374396.32388914807
787,PHA,Pharmacy,2020,2,11397596.72102721807
787,PHA,Pharmacy,2021,1,12107385.15144059262
787,PHA,Pharmacy,2021,4,12350994.06573442157
787,PHA,Pharmacy,2022,3,12631750.49275952776
787,PHA,Pharmacy,2023,2,14075686.48836229096
787,PHA,Pharmacy,2024,1,17868314.68960946666
788,CAW,Clean Air & Water (Quality),2015,4,11667678.79135031563
788,CAW,Clean Air & Water (Quality),2016,3,10683289.62188881663
788,CAW,Clean Air & Water (Quality),2017,2,9606748.01515353568
788,CAW,Clean Air & Water (Quality),2018,1,10387350.36818893394
788,CAW,Clean Air & Water (Quality),2018,4,9212203.55669246406
788,CAW,Clean Air & Water (Quality),2019,3,8835770.33306605616
788,CAW,Clean Air & Water (Quality),2020,2,8116665.03347233865
788,CAW,Clean Air & Water (Quality),2021,1,8568064.97284949295
788,CAW,Clean Air & Water (Quality),2021,4,9876705.29008338804
788,CAW,Clean Air & Water (Quality),2022,3,8645422.62937557339
788,CAW,Clean Air & Water (Quality),2023,2,8380923.73895480525
788,CAW,Clean Air & Water (Quality),2024,1,9059030.91853832699
788,CAW,Clean Air & Water (Quality),2024,4,8343182.53115735439
789,POS,Postal,2010,2,1699900.29682539672
789,POS,Postal,2011,1,4131167.03601398593
789,POS,Postal,2011,4,4753342.24637857820
789,POS,Postal,2012,3,5122801.19624206180
789,POS,Postal,2013,2,4803446.59863469847
789,POS,Postal,2014,1,5188299.30877758196
790,CDT,Commodities (Big Ticket),2010,2,2764829.29858246315
790,CDT,Commodities (Big Ticket),2011,1,3126780.14057770996
790,CDT,Commodities (Big Ticket),2011,4,3435101.55515154768
790,CDT,Commodities (Big Ticket),2012,3,2916250.01457801445
790,CDT,Commodities (Big Ticket),2013,2,2028563.01372896098
790,CDT,Commodities (Big Ticket),2014,1,3382393.18575175806
790,CDT,Commodities (Big Ticket),2014,4,3088366.07965232953
790,CDT,Commodities (Big Ticket),2015,3,2279274.98761369341
790,CDT,Commodities (Big Ticket),2016,2,2322472.54787695958
790,CDT,Commodities (Big Ticket),2017,1,2019941.25485625480
791,RRR,Railroads,2024,4,3906777.60749215420
793,RES,Real Estate/Land Use/Conservation,2014,4,3243903.38225663205
793,RES,Real Estate/Land Use/Conservation,2015,3,2382830.25069375055
793,RES,Real Estate/Land Use/Conservation,2016,2,3241773.62753357741
793,RES,Real Estate/Land Use/Conservation,2017,1,2817004.02527472515
793,RES,Real Estate/Land Use/Conservation,2017,4,3690464.97051282038
793,RES,Real Estate/Land Use/Conservation,2018,3,4497582.54432511919
793,RES,Real Estate/Land Use/Conservation,2019,2,3159728.01762959252
793,RES,Real Estate/Land Use/Conservation,2020,1,3394697.80505605492
793,RES,Real Estate/Land Use/Conservation,2020,4,3793483.60744092494
793,RES,Real Estate/Land Use/Conservation,2021,3,2457063.16564269048
793,RES,Real Estate/Land Use/Conservation,2022,2,2601325.42951492932
793,RES,Real Estate/Land Use/Conservation,2023,1,2640276.94188034175
792,COM,Communications/Broadcasting/Radio/TV,2020,2,12060963.15613438820
792,COM,Communications/Broadcasting/Radio/TV,2021,1,11808878.43067136654
792,COM,Communications/Broadcasting/Radio/TV,2021,4,13112631.63725033106
792,COM,Communications/Broadcasting/Radio/TV,2022,3,12721195.11326853027
792,COM,Communications/Broadcasting/Radio/TV,2023,2,14173028.11835810019
792,COM,Communications/Broadcasting/Radio/TV,2024,1,16207991.24642220504
792,COM,Communications/Broadcasting/Radio/TV,2024,4,13624531.17375877640
793,RES,Real Estate/Land Use/Conservation,2010,4,2688858.24263693810
793,RES,Real Estate/Land Use/Conservation,2011,3,2382314.55729822278
793,RES,Real Estate/Land Use/Conservation,2012,2,2287927.95904095882
793,RES,Real Estate/Land Use/Conservation,2013,1,2010551.64335782424
793,RES,Real Estate/Land Use/Conservation,2013,4,1969598.06921999548
793,RES,Real Estate/Land Use/Conservation,2014,3,3610667.22367325637
793,RES,Real Estate/Land Use/Conservation,2015,2,2518897.81510156499
793,RES,Real Estate/Land Use/Conservation,2016,1,3212272.54544479533
793,RES,Real Estate/Land Use/Conservation,2016,4,3171576.32698412684
793,RES,Real Estate/Land Use/Conservation,2017,3,3030848.69393106877
793,RES,Real Estate/Land Use/Conservation,2018,2,3732502.66445601170
793,RES,Real Estate/Land Use/Conservation,2019,1,3288370.89302364292
793,RES,Real Estate/Land Use/Conservation,2019,4,3383451.33465455720
793,RES,Real Estate/Land Use/Conservation,2020,3,4181734.72976712816
793,RES,Real Estate/Land Use/Conservation,2021,2,2422016.09179986666
793,RES,Real Estate/Land Use/Conservation,2022,1,2543124.09140565298
794,CPI,Computer Industry,2021,4,11709793.37580932808
794,CPI,Computer Industry,2022,3,13074748.94914193462
794,CPI,Computer Industry,2023,2,14535552.72094060310
794,CPI,Computer Industry,2024,1,15413915.95737388011
794,CPI,Computer Industry,2024,4,14342753.90242698433
795,REL,Religion,2016,4,65206.69047619042
795,REL,Religion,2017,3,99458.33458208451
795,REL,Religion,2018,2,109790.90259740256
795,REL,Religion,2019,1,87964.67857142853
795,REL,Religion,2019,4,113995.72981366456
795,REL,Religion,2020,3,98178.45238095236
795,REL,Religion,2021,2,120199.13419913417
795,REL,Religion,2022,1,102776.78571428569
795,REL,Religion,2022,4,174095.23809523808
795,REL,Religion,2023,3,126439.39393939393
795,REL,Religion,2024,2,163068.18181818180
797,RET,Retirement,2022,4,11358723.96858018105
797,RET,Retirement,2023,3,8787937.52227706900
797,RET,Retirement,2024,2,9574908.33426868927
798,CON,Constitution,2010,1,1667888.19111770576
798,CON,Constitution,2010,4,1955108.18351823608
798,CON,Constitution,2011,3,1046787.03328338320
798,CON,Constitution,2012,2,973508.14764407810
798,CON,Constitution,2013,1,1063158.36595292574
800,CPT,Copyright/Patent/Trademark,2010,1,32064431.89760027155
800,CPT,Copyright/Patent/Trademark,2010,4,26037353.02912348589
800,CPT,Copyright/Patent/Trademark,2011,3,34088624.69955980472
800,CPT,Copyright/Patent/Trademark,2012,2,21651802.42552932521
800,CPT,Copyright/Patent/Trademark,2013,1,24450189.40844207329
800,CPT,Copyright/Patent/Trademark,2013,4,30596065.33371301805
800,CPT,Copyright/Patent/Trademark,2014,3,28471176.31563106855
800,CPT,Copyright/Patent/Trademark,2015,2,37414513.83469236196
792,COM,Communications/Broadcasting/Radio/TV,2023,1,15569072.01791117012
793,RES,Real Estate/Land Use/Conservation,2010,1,3415244.22550815181
794,CPI,Computer Industry,2010,1,4399169.88325296971
794,CPI,Computer Industry,2010,4,5101069.25151645718
794,CPI,Computer Industry,2011,3,5002907.59146769955
794,CPI,Computer Industry,2012,2,5158696.83220374370
794,CPI,Computer Industry,2013,1,5878695.54622044596
795,REL,Religion,2020,4,96305.11904761903
795,REL,Religion,2021,3,136257.04329004326
795,REL,Religion,2022,2,98614.71861471859
795,REL,Religion,2023,1,109727.27272727272
795,REL,Religion,2023,4,178109.52380952380
795,REL,Religion,2024,3,200916.66666666666
796,CSP,Consumer Issues/Safety/Protection,2023,4,19781051.89802194062
796,CSP,Consumer Issues/Safety/Protection,2024,3,21483160.81909548811
797,RET,Retirement,2010,4,10831965.10492508087
797,RET,Retirement,2011,3,10304964.17649663685
797,RET,Retirement,2012,2,12177456.26247191415
797,RET,Retirement,2013,1,11392700.97969723047
797,RET,Retirement,2013,4,11432480.08390280997
797,RET,Retirement,2014,3,11310617.59482705250
797,RET,Retirement,2015,2,11113484.92216957421
797,RET,Retirement,2016,1,10628724.36391871883
797,RET,Retirement,2016,4,10589689.15766291165
797,RET,Retirement,2017,3,10006134.04423786251
797,RET,Retirement,2018,2,10969418.11551281929
797,RET,Retirement,2019,1,12947419.92634310097
797,RET,Retirement,2019,4,12212162.27408133500
797,RET,Retirement,2020,3,10194947.71195931416
797,RET,Retirement,2021,2,8912681.24007695054
797,RET,Retirement,2022,1,10222490.15620308568
798,CON,Constitution,2013,4,1321296.69938884639
798,CON,Constitution,2014,3,1973020.59002631347
798,CON,Constitution,2015,2,802492.23667010657
798,CON,Constitution,2016,1,881475.27758017687
798,CON,Constitution,2016,4,915013.38797313789
798,CON,Constitution,2017,3,803594.31145773874
798,CON,Constitution,2018,2,1231486.24209708412
798,CON,Constitution,2019,1,798374.68193986087
798,CON,Constitution,2019,4,669371.69413919405
798,CON,Constitution,2020,3,1149078.58150314964
798,CON,Constitution,2021,2,999624.75702075693
798,CON,Constitution,2022,1,968614.45408536671
798,CON,Constitution,2022,4,727425.55467339671
798,CON,Constitution,2023,3,791010.31879770975
798,CON,Constitution,2024,2,1017940.88466358196
799,ROD,Roads/Highway,2010,3,1698861.31895773285
799,ROD,Roads/Highway,2011,2,1929718.73131727093
799,ROD,Roads/Highway,2012,1,2785612.23746585372
800,CPT,Copyright/Patent/Trademark,2010,3,26735914.52225195180
800,CPT,Copyright/Patent/Trademark,2011,2,36528442.34621503860
800,CPT,Copyright/Patent/Trademark,2012,1,27308733.83477781671
800,CPT,Copyright/Patent/Trademark,2012,4,21773140.00127460532
800,CPT,Copyright/Patent/Trademark,2013,3,25753573.39057862132
800,CPT,Copyright/Patent/Trademark,2014,2,32319386.23694421148
800,CPT,Copyright/Patent/Trademark,2015,1,35094089.59910208804
801,SCI,Science/Technology,2022,4,18651982.68500115722
801,SCI,Science/Technology,2023,3,19550093.15738046452
801,SCI,Science/Technology,2024,2,21067001.48894141529
803,SMB,Small Business,2012,4,6300798.02251037137
803,SMB,Small Business,2013,3,4234676.99948989757
803,SMB,Small Business,2014,2,5249454.20644150625
804,DOC,District of Columbia,2012,1,148045.92759404522
804,DOC,District of Columbia,2012,4,286331.21568627448
804,DOC,District of Columbia,2013,3,239563.05258467021
804,DOC,District of Columbia,2014,2,182954.92051282051
804,DOC,District of Columbia,2015,1,171926.41199813256
805,SPO,Sports/Athletics,2010,1,1547466.07905982899
806,DIS,Disaster Planning/Emergencies,2010,3,2380482.98058844732
806,DIS,Disaster Planning/Emergencies,2011,2,3179981.96007880989
806,DIS,Disaster Planning/Emergencies,2012,1,3025437.45484376717
806,DIS,Disaster Planning/Emergencies,2012,4,3435217.01566908708
806,DIS,Disaster Planning/Emergencies,2013,3,2622920.09088427891
806,DIS,Disaster Planning/Emergencies,2014,2,3299789.00316382944
806,DIS,Disaster Planning/Emergencies,2015,1,3063106.95611577940
806,DIS,Disaster Planning/Emergencies,2015,4,3467445.57811077785
806,DIS,Disaster Planning/Emergencies,2016,3,4113710.54516276540
806,DIS,Disaster Planning/Emergencies,2017,2,2607310.43531468511
806,DIS,Disaster Planning/Emergencies,2018,1,5145348.63112570231
806,DIS,Disaster Planning/Emergencies,2018,4,4436427.61596668696
806,DIS,Disaster Planning/Emergencies,2019,3,3574706.21645440011
806,DIS,Disaster Planning/Emergencies,2020,2,10547357.78521795028
806,DIS,Disaster Planning/Emergencies,2021,1,8429255.43040068437
807,TAX,Taxation/Internal Revenue Code,2010,1,95594829.85134331862
807,TAX,Taxation/Internal Revenue Code,2010,4,96114769.48840070123
807,TAX,Taxation/Internal Revenue Code,2011,3,90990993.57520257821
807,TAX,Taxation/Internal Revenue Code,2012,2,95804219.81848173094
807,TAX,Taxation/Internal Revenue Code,2013,1,106055271.22044454234
807,TAX,Taxation/Internal Revenue Code,2013,4,105678035.53894665913
807,TAX,Taxation/Internal Revenue Code,2014,3,98840326.87401174011
807,TAX,Taxation/Internal Revenue Code,2015,2,97424593.80210900717
807,TAX,Taxation/Internal Revenue Code,2016,1,99619169.49203593888
808,ECN,Economics/Economic Development,2015,4,3927243.61124512708
808,ECN,Economics/Economic Development,2016,3,4181187.90734329702
808,ECN,Economics/Economic Development,2017,2,4442984.10470970766
808,ECN,Economics/Economic Development,2018,1,4652464.55489575734
808,ECN,Economics/Economic Development,2018,4,5251159.72625198973
808,ECN,Economics/Economic Development,2019,3,4276071.44717747807
808,ECN,Economics/Economic Development,2020,2,8321224.78672081637
808,ECN,Economics/Economic Development,2021,1,7053983.33491866397
808,ECN,Economics/Economic Development,2021,4,6574529.08681318627
808,ECN,Economics/Economic Development,2022,3,7566457.45469887470
808,ECN,Economics/Economic Development,2023,2,7090801.96795971952
808,ECN,Economics/Economic Development,2024,1,7556106.03089326334
809,TEC,Telecommunications,2010,4,26190220.86348548200
809,TEC,Telecommunications,2011,3,28110487.12173556521
809,TEC,Telecommunications,2012,2,25638035.41673347885
809,TEC,Telecommunications,2013,1,26266001.75333197318
809,TEC,Telecommunications,2013,4,26882831.76924037918
809,TEC,Telecommunications,2014,3,26853944.56634376383
809,TEC,Telecommunications,2015,2,25687088.96627122388
809,TEC,Telecommunications,2016,1,26318677.54228996891
809,TEC,Telecommunications,2016,4,25610923.84876789821
809,TEC,Telecommunications,2017,3,25237501.98123438677
802,DEF,Defense,2022,2,50037943.97367517281
802,DEF,Defense,2023,1,56852013.26413360206
802,DEF,Defense,2023,4,61546040.70888618415
802,DEF,Defense,2024,3,64570357.92838088069
803,SMB,Small Business,2010,1,4905603.54080494644
803,SMB,Small Business,2010,4,9266317.53766381083
803,SMB,Small Business,2011,3,5197518.02073890135
803,SMB,Small Business,2012,2,6688510.93903468313
803,SMB,Small Business,2013,1,4355470.29015154790
803,SMB,Small Business,2013,4,4579758.68346787885
803,SMB,Small Business,2014,3,4990476.61435646970
803,SMB,Small Business,2015,2,5032004.91549308082
803,SMB,Small Business,2016,1,4369580.26862099865
804,DOC,District of Columbia,2023,4,440733.02246732025
804,DOC,District of Columbia,2024,3,166121.68798064678
805,SPO,Sports/Athletics,2010,4,1254725.92236782819
805,SPO,Sports/Athletics,2011,3,414771.60952380949
805,SPO,Sports/Athletics,2012,2,433991.84761904756
805,SPO,Sports/Athletics,2013,1,915704.50070747961
805,SPO,Sports/Athletics,2013,4,527039.62913752910
805,SPO,Sports/Athletics,2014,3,1197794.27737817733
805,SPO,Sports/Athletics,2015,2,803443.70613830610
805,SPO,Sports/Athletics,2016,1,976178.95871579397
805,SPO,Sports/Athletics,2016,4,1103297.47321428568
805,SPO,Sports/Athletics,2017,3,1102680.40972222220
805,SPO,Sports/Athletics,2018,2,1214049.00490620486
805,SPO,Sports/Athletics,2019,1,849799.42279942277
805,SPO,Sports/Athletics,2019,4,1171488.91729797975
805,SPO,Sports/Athletics,2020,3,1602046.16450216443
805,SPO,Sports/Athletics,2021,2,2090394.79064517844
805,SPO,Sports/Athletics,2022,1,1764996.65274594677
807,TAX,Taxation/Internal Revenue Code,2016,4,95664653.10329212880
807,TAX,Taxation/Internal Revenue Code,2017,3,114177296.66717461431
807,TAX,Taxation/Internal Revenue Code,2018,2,101183667.65623374365
807,TAX,Taxation/Internal Revenue Code,2019,1,101912375.62765827919
807,TAX,Taxation/Internal Revenue Code,2019,4,94791233.16580716936
807,TAX,Taxation/Internal Revenue Code,2020,3,86461438.36074407957
807,TAX,Taxation/Internal Revenue Code,2021,2,95256781.40491751368
807,TAX,Taxation/Internal Revenue Code,2022,1,116902874.89032027810
807,TAX,Taxation/Internal Revenue Code,2022,4,110844242.14574550060
807,TAX,Taxation/Internal Revenue Code,2023,3,105418496.84401146762
807,TAX,Taxation/Internal Revenue Code,2024,2,111907828.77306149941
808,ECN,Economics/Economic Development,2010,3,3945189.61795065147
808,ECN,Economics/Economic Development,2011,2,3676480.13150314558
808,ECN,Economics/Economic Development,2012,1,5125731.93937464484
808,ECN,Economics/Economic Development,2012,4,5563098.49020461355
808,ECN,Economics/Economic Development,2013,3,4322535.08055487639
808,ECN,Economics/Economic Development,2014,2,4728452.05801541371
808,ECN,Economics/Economic Development,2015,1,4327009.08219615745
809,TEC,Telecommunications,2019,4,33725597.95959805183
809,TEC,Telecommunications,2020,3,29487468.70918394507
809,TEC,Telecommunications,2021,2,32038384.39812652540
809,TEC,Telecommunications,2022,1,35257861.54233651384
809,TEC,Telecommunications,2022,4,32823463.57455574652
809,TEC,Telecommunications,2023,3,31329957.82040865835
809,TEC,Telecommunications,2024,2,33484644.36953720181
810,EDU,Education,2010,3,18630215.98858130503
810,EDU,Education,2011,2,20549354.18253690519
793,RES,Real Estate/Land Use/Conservation,2022,3,2528837.71843711826
793,RES,Real Estate/Land Use/Conservation,2023,2,2617337.68557129127
793,RES,Real Estate/Land Use/Conservation,2024,1,2718542.32092352078
793,RES,Real Estate/Land Use/Conservation,2024,4,2478856.71422107292
794,CPI,Computer Industry,2013,4,5053451.72605172587
794,CPI,Computer Industry,2014,3,5307133.74219320710
794,CPI,Computer Industry,2015,2,5906326.99796608599
794,CPI,Computer Industry,2016,1,6500051.07206507893
794,CPI,Computer Industry,2016,4,6075477.56361272000
794,CPI,Computer Industry,2017,3,6779888.08789627952
794,CPI,Computer Industry,2018,2,7176146.15640370950
794,CPI,Computer Industry,2019,1,8890502.07418586019
794,CPI,Computer Industry,2019,4,9429347.19942736971
794,CPI,Computer Industry,2020,3,9057334.28349428313
794,CPI,Computer Industry,2021,2,10274787.56089079964
794,CPI,Computer Industry,2022,1,13254241.51536159168
794,CPI,Computer Industry,2022,4,12587631.34557381453
794,CPI,Computer Industry,2023,3,14176309.98413881731
794,CPI,Computer Industry,2024,2,15153236.61566339277
795,REL,Religion,2010,2,233499.15692640690
795,REL,Religion,2011,1,115956.94791910215
795,REL,Religion,2011,4,127779.11720422431
795,REL,Religion,2012,3,159847.36263736258
795,REL,Religion,2013,2,80252.51731601725
795,REL,Religion,2014,1,54022.68671679192
795,REL,Religion,2014,4,32379.33122509041
795,REL,Religion,2015,3,73036.27989657397
795,REL,Religion,2016,2,90866.70511506032
795,REL,Religion,2017,1,103902.61904761901
795,REL,Religion,2017,4,113226.39766389762
795,REL,Religion,2018,3,97724.84523809520
795,REL,Religion,2019,2,98156.29268292678
795,REL,Religion,2020,1,141369.47089947087
796,CSP,Consumer Issues/Safety/Protection,2010,3,15465237.20709933711
796,CSP,Consumer Issues/Safety/Protection,2011,2,14741930.78010615389
796,CSP,Consumer Issues/Safety/Protection,2012,1,16414610.44185647875
796,CSP,Consumer Issues/Safety/Protection,2012,4,14370814.42968548867
796,CSP,Consumer Issues/Safety/Protection,2013,3,12873298.90105818329
796,CSP,Consumer Issues/Safety/Protection,2014,2,12560692.30000231393
796,CSP,Consumer Issues/Safety/Protection,2015,1,14667920.26658247956
797,RET,Retirement,2010,1,14038306.35180015503
799,ROD,Roads/Highway,2020,4,1188080.57872389030
799,ROD,Roads/Highway,2021,3,2159575.01087033853
799,ROD,Roads/Highway,2022,2,1861076.58741258725
799,ROD,Roads/Highway,2023,1,1952479.38350538336
799,ROD,Roads/Highway,2023,4,1570574.20987068474
799,ROD,Roads/Highway,2024,3,1702369.35748140732
800,CPT,Copyright/Patent/Trademark,2015,4,31899553.80758367779
800,CPT,Copyright/Patent/Trademark,2016,3,27368203.64024200003
800,CPT,Copyright/Patent/Trademark,2017,2,23944271.85776211386
800,CPT,Copyright/Patent/Trademark,2018,1,28648442.01792922633
800,CPT,Copyright/Patent/Trademark,2018,4,24249137.57895661206
800,CPT,Copyright/Patent/Trademark,2019,3,25619308.77844991202
800,CPT,Copyright/Patent/Trademark,2020,2,22680660.35671070157
800,CPT,Copyright/Patent/Trademark,2021,1,22848157.73857688855
800,CPT,Copyright/Patent/Trademark,2021,4,25123686.38620856199
800,CPT,Copyright/Patent/Trademark,2022,3,27964298.19877347585
800,CPT,Copyright/Patent/Trademark,2023,2,22320112.01268492710
793,RES,Real Estate/Land Use/Conservation,2023,4,2711918.31731601718
793,RES,Real Estate/Land Use/Conservation,2024,3,2531700.58279106498
794,CPI,Computer Industry,2017,4,7153425.10099180116
794,CPI,Computer Industry,2018,3,7522519.15385396233
794,CPI,Computer Industry,2019,2,8813877.87674082152
794,CPI,Computer Industry,2020,1,10034466.45829660500
794,CPI,Computer Industry,2020,4,9374918.46176046140
794,CPI,Computer Industry,2021,3,10907458.70621648843
794,CPI,Computer Industry,2022,2,13286909.98982573150
794,CPI,Computer Industry,2023,1,15421683.86287828585
794,CPI,Computer Industry,2023,4,13794285.52498900975
794,CPI,Computer Industry,2024,3,14126694.09441453643
795,REL,Religion,2010,1,198822.35154061622
795,REL,Religion,2010,4,141866.60805860802
795,REL,Religion,2011,3,124524.44388944385
795,REL,Religion,2012,2,126315.66816065593
795,REL,Religion,2013,1,90098.82123377631
795,REL,Religion,2013,4,66106.88261791197
795,REL,Religion,2014,3,38514.67847914355
795,REL,Religion,2015,2,60183.74999664932
795,REL,Religion,2016,1,109945.48277556631
796,CSP,Consumer Issues/Safety/Protection,2010,1,13111292.14338246176
796,CSP,Consumer Issues/Safety/Protection,2010,4,14683886.00983710082
796,CSP,Consumer Issues/Safety/Protection,2011,3,15221557.97858033728
796,CSP,Consumer Issues/Safety/Protection,2012,2,15529320.78321285120
796,CSP,Consumer Issues/Safety/Protection,2013,1,13608807.39566280762
796,CSP,Consumer Issues/Safety/Protection,2013,4,13712599.83195213744
796,CSP,Consumer Issues/Safety/Protection,2014,3,13699147.92901476874
796,CSP,Consumer Issues/Safety/Protection,2015,2,14017173.02428732199
796,CSP,Consumer Issues/Safety/Protection,2016,1,14378494.75399835586
796,CSP,Consumer Issues/Safety/Protection,2016,4,15082360.30880502739
796,CSP,Consumer Issues/Safety/Protection,2017,3,13864317.27730253870
796,CSP,Consumer Issues/Safety/Protection,2018,2,14367653.62900060410
796,CSP,Consumer Issues/Safety/Protection,2019,1,17756486.61338218998
799,ROD,Roads/Highway,2016,4,1140978.63037281326
799,ROD,Roads/Highway,2017,3,1327501.45613463312
799,ROD,Roads/Highway,2018,2,1487517.08624504553
799,ROD,Roads/Highway,2019,1,1409927.11461031372
799,ROD,Roads/Highway,2019,4,1800346.66596630094
799,ROD,Roads/Highway,2020,3,1252253.04313472454
799,ROD,Roads/Highway,2021,2,2114735.65913424785
799,ROD,Roads/Highway,2022,1,1743765.43966172694
799,ROD,Roads/Highway,2022,4,1823447.82144792328
799,ROD,Roads/Highway,2023,3,1628034.48232739466
799,ROD,Roads/Highway,2024,2,1729109.36359890096
800,CPT,Copyright/Patent/Trademark,2019,4,25363407.29998903352
800,CPT,Copyright/Patent/Trademark,2020,3,23001577.44523955813
800,CPT,Copyright/Patent/Trademark,2021,2,22816073.50525012079
800,CPT,Copyright/Patent/Trademark,2022,1,28088914.64810409532
800,CPT,Copyright/Patent/Trademark,2022,4,26430821.05843566011
800,CPT,Copyright/Patent/Trademark,2023,3,22829681.48670330754
800,CPT,Copyright/Patent/Trademark,2024,2,23099638.14326966146
801,SCI,Science/Technology,2010,3,109196570.41802992347
801,SCI,Science/Technology,2011,2,7063757.36392350283
801,SCI,Science/Technology,2012,1,8156350.47323984005
801,SCI,Science/Technology,2012,4,8081892.41611235287
801,SCI,Science/Technology,2013,3,7148032.03864166957
794,CPI,Computer Industry,2015,4,7417537.53867243836
794,CPI,Computer Industry,2016,3,5557911.46766109682
794,CPI,Computer Industry,2017,2,6882959.61183261156
794,CPI,Computer Industry,2018,1,7330882.74607255454
794,CPI,Computer Industry,2018,4,7589563.64878667056
794,CPI,Computer Industry,2019,3,9418636.06583416553
794,CPI,Computer Industry,2020,2,9885140.99184149142
794,CPI,Computer Industry,2021,1,10697731.67659393709
796,CSP,Consumer Issues/Safety/Protection,2015,4,14432571.13429781382
796,CSP,Consumer Issues/Safety/Protection,2016,3,15674889.14021093227
796,CSP,Consumer Issues/Safety/Protection,2017,2,14051137.00701093873
796,CSP,Consumer Issues/Safety/Protection,2018,1,15090608.49786873134
796,CSP,Consumer Issues/Safety/Protection,2018,4,15281525.05620028356
796,CSP,Consumer Issues/Safety/Protection,2019,3,16530207.72672504596
796,CSP,Consumer Issues/Safety/Protection,2020,2,14519630.60443246724
796,CSP,Consumer Issues/Safety/Protection,2021,1,14094893.63361208216
796,CSP,Consumer Issues/Safety/Protection,2021,4,15013201.45711283832
796,CSP,Consumer Issues/Safety/Protection,2022,3,17867524.36923004194
796,CSP,Consumer Issues/Safety/Protection,2023,2,17621317.59583114942
796,CSP,Consumer Issues/Safety/Protection,2024,1,20024266.28993702533
796,CSP,Consumer Issues/Safety/Protection,2024,4,19530192.80681063120
797,RET,Retirement,2010,2,14459940.11710362890
797,RET,Retirement,2011,1,9707298.29167921044
797,RET,Retirement,2011,4,11153752.46954709062
797,RET,Retirement,2012,3,11585188.17930319913
797,RET,Retirement,2013,2,11368160.90423864891
797,RET,Retirement,2014,1,12516779.67997491442
798,CON,Constitution,2021,4,982769.21955529841
798,CON,Constitution,2022,3,844891.76587671008
798,CON,Constitution,2023,2,808884.83074201334
798,CON,Constitution,2024,1,942263.32963375290
798,CON,Constitution,2024,4,814823.37815126045
799,ROD,Roads/Highway,2010,2,1805853.08974773052
799,ROD,Roads/Highway,2011,1,1603625.92741361286
799,ROD,Roads/Highway,2011,4,1936025.09364782878
799,ROD,Roads/Highway,2012,3,2437300.01582487536
799,ROD,Roads/Highway,2013,2,1182896.93082297798
799,ROD,Roads/Highway,2014,1,1536288.74188156161
799,ROD,Roads/Highway,2014,4,1345469.30055412402
799,ROD,Roads/Highway,2015,3,2075104.13221125254
799,ROD,Roads/Highway,2016,2,1197017.79360508755
799,ROD,Roads/Highway,2017,1,1079627.63684509916
799,ROD,Roads/Highway,2017,4,1384338.78362405546
799,ROD,Roads/Highway,2018,3,1680169.59402754084
799,ROD,Roads/Highway,2019,2,1577255.11400952564
799,ROD,Roads/Highway,2020,1,1608502.21607450796
801,SCI,Science/Technology,2014,4,8339821.88796741352
801,SCI,Science/Technology,2015,3,8624830.00414523506
801,SCI,Science/Technology,2016,2,8949475.84616604995
801,SCI,Science/Technology,2017,1,8505657.50890111295
801,SCI,Science/Technology,2017,4,7892389.98181104079
801,SCI,Science/Technology,2018,3,8365593.23594324126
801,SCI,Science/Technology,2019,2,10828594.25475255509
801,SCI,Science/Technology,2020,1,12602980.60259533959
801,SCI,Science/Technology,2020,4,12955183.07065405447
801,SCI,Science/Technology,2021,3,17092717.92560470057
801,SCI,Science/Technology,2022,2,19062637.85963607330
801,SCI,Science/Technology,2023,1,19015897.47043368732
800,CPT,Copyright/Patent/Trademark,2016,1,33831626.30684793103
800,CPT,Copyright/Patent/Trademark,2016,4,27184735.91621983456
800,CPT,Copyright/Patent/Trademark,2017,3,23247876.56727376015
800,CPT,Copyright/Patent/Trademark,2018,2,24029834.00327034011
800,CPT,Copyright/Patent/Trademark,2019,1,26327829.53973231905
801,SCI,Science/Technology,2010,2,8774941.98064086851
801,SCI,Science/Technology,2011,1,8493970.89390783476
801,SCI,Science/Technology,2011,4,7260811.27237702042
801,SCI,Science/Technology,2012,3,7486287.04415696046
801,SCI,Science/Technology,2013,2,7679380.31815607794
801,SCI,Science/Technology,2014,1,7843482.16745259034
802,DEF,Defense,2013,4,28950772.98355697327
802,DEF,Defense,2014,3,27661173.47887322134
802,DEF,Defense,2015,2,31480814.81129149369
802,DEF,Defense,2016,1,30876499.75972187423
802,DEF,Defense,2016,4,31410569.40478093340
802,DEF,Defense,2017,3,31689539.04359267623
802,DEF,Defense,2018,2,34967472.33550944958
802,DEF,Defense,2019,1,36724623.38927535346
802,DEF,Defense,2019,4,38860889.98098044545
802,DEF,Defense,2020,3,39861113.86096485866
802,DEF,Defense,2021,2,41826456.89788269018
802,DEF,Defense,2022,1,48739473.49801193926
802,DEF,Defense,2022,4,54127124.92794178573
802,DEF,Defense,2023,3,58615188.55496288982
802,DEF,Defense,2024,2,66054525.81361289610
803,SMB,Small Business,2010,2,4631535.61159780019
803,SMB,Small Business,2011,1,5558473.92043001463
803,SMB,Small Business,2011,4,5936800.47066057164
803,SMB,Small Business,2012,3,6376629.63874527874
803,SMB,Small Business,2013,2,4534274.67193710766
803,SMB,Small Business,2014,1,4842978.94810516824
803,SMB,Small Business,2014,4,4789958.11537335401
803,SMB,Small Business,2015,3,4785511.49126861251
803,SMB,Small Business,2016,2,5222318.76777256946
803,SMB,Small Business,2017,1,5125513.79004044178
803,SMB,Small Business,2017,4,5867038.77421949802
803,SMB,Small Business,2018,3,5424498.71164168553
803,SMB,Small Business,2019,2,5527001.64840479184
803,SMB,Small Business,2020,1,10632843.26588556394
804,DOC,District of Columbia,2019,4,157582.23235460186
804,DOC,District of Columbia,2020,3,340575.29267612178
804,DOC,District of Columbia,2021,2,461095.64901764898
804,DOC,District of Columbia,2022,1,151889.19009462757
804,DOC,District of Columbia,2022,4,160554.74358974358
804,DOC,District of Columbia,2023,3,455175.54569327730
804,DOC,District of Columbia,2024,2,151202.80112044817
805,SPO,Sports/Athletics,2014,4,863083.61260504198
805,SPO,Sports/Athletics,2015,3,743941.37513597510
805,SPO,Sports/Athletics,2016,2,984158.57460317455
805,SPO,Sports/Athletics,2017,1,986005.80654761902
805,SPO,Sports/Athletics,2017,4,983976.25276806523
805,SPO,Sports/Athletics,2018,3,1013407.30997474742
805,SPO,Sports/Athletics,2019,2,807834.77633477631
805,SPO,Sports/Athletics,2020,1,1399667.35175282227
805,SPO,Sports/Athletics,2020,4,1581299.46577048673
805,SPO,Sports/Athletics,2021,3,1914170.95439005426
805,SPO,Sports/Athletics,2022,2,1555064.31336219330
805,SPO,Sports/Athletics,2023,1,2000911.53088829460
805,SPO,Sports/Athletics,2023,4,2232918.23396048385
805,SPO,Sports/Athletics,2024,3,2278583.08188902589
807,TAX,Taxation/Internal Revenue Code,2020,4,90253646.58553647763
809,TEC,Telecommunications,2018,2,30466753.11065485013
809,TEC,Telecommunications,2019,1,33088537.11625417005
810,EDU,Education,2018,4,16569393.84770980552
810,EDU,Education,2019,3,16775542.92048131500
810,EDU,Education,2020,2,18410023.74113730396
810,EDU,Education,2021,1,18562559.66879586639
810,EDU,Education,2021,4,19881760.42245550609
810,EDU,Education,2022,3,20421773.48599601461
810,EDU,Education,2023,2,21686887.75963715733
810,EDU,Education,2024,1,23889342.90653619030
810,EDU,Education,2024,4,21893597.75610728079
811,TOB,Tobacco,2016,4,3542087.56926406919
811,TOB,Tobacco,2017,3,4551844.44630325804
811,TOB,Tobacco,2018,2,4309656.19491488891
811,TOB,Tobacco,2019,1,6213269.48556998546
811,TOB,Tobacco,2019,4,6628474.90362523296
811,TOB,Tobacco,2020,3,5853193.46985759851
811,TOB,Tobacco,2021,2,4673685.20747585738
811,TOB,Tobacco,2022,1,5490159.51168831157
811,TOB,Tobacco,2022,4,5509080.98032637285
811,TOB,Tobacco,2023,3,5372974.81035631027
811,TOB,Tobacco,2024,2,5410597.30303030290
812,ENG,Energy/Nuclear,2024,4,51361064.15238016115
813,TOR,Torts,2019,4,2377490.00074194851
813,TOR,Torts,2020,3,4258812.33149031057
813,TOR,Torts,2021,2,2637720.06763302477
813,TOR,Torts,2022,1,2969626.76651323509
813,TOR,Torts,2022,4,2974528.19925303449
813,TOR,Torts,2023,3,2055116.09525297968
813,TOR,Torts,2024,2,2794420.31071351673
814,ENV,Environmental/Superfund,2010,1,35315905.77806861914
816,FAM,Family Issues/Abortion/Adoption,2010,1,754221.56677565818
816,FAM,Family Issues/Abortion/Adoption,2010,4,612741.13485059820
816,FAM,Family Issues/Abortion/Adoption,2011,3,730679.51906914881
816,FAM,Family Issues/Abortion/Adoption,2012,2,755673.87911109169
816,FAM,Family Issues/Abortion/Adoption,2013,1,734187.98130997010
816,FAM,Family Issues/Abortion/Adoption,2013,4,803533.76663856966
816,FAM,Family Issues/Abortion/Adoption,2014,3,650183.05581233664
816,FAM,Family Issues/Abortion/Adoption,2015,2,708296.27976263489
816,FAM,Family Issues/Abortion/Adoption,2016,1,846702.97918576082
817,TRA,Transportation,2010,2,31382851.65618986343
817,TRA,Transportation,2011,1,32679489.42478745251
818,FIR,Firearms/Guns/Ammunition,2010,4,1191370.75070028007
818,FIR,Firearms/Guns/Ammunition,2011,3,998422.20762570757
818,FIR,Firearms/Guns/Ammunition,2012,2,883779.63639612415
818,FIR,Firearms/Guns/Ammunition,2013,1,4721463.24261462278
818,FIR,Firearms/Guns/Ammunition,2013,4,3663990.31315796012
818,FIR,Firearms/Guns/Ammunition,2014,3,2820033.86096665946
818,FIR,Firearms/Guns/Ammunition,2015,2,2881475.58447589556
818,FIR,Firearms/Guns/Ammunition,2016,1,3164938.41386082091
818,FIR,Firearms/Guns/Ammunition,2016,4,2840204.96062271057
818,FIR,Firearms/Guns/Ammunition,2017,3,2597451.41993464048
818,FIR,Firearms/Guns/Ammunition,2018,2,3050705.98942038347
818,FIR,Firearms/Guns/Ammunition,2019,1,3641774.74380358196
818,FIR,Firearms/Guns/Ammunition,2019,4,3753733.12723749672
818,FIR,Firearms/Guns/Ammunition,2020,3,3310901.99040828445
818,FIR,Firearms/Guns/Ammunition,2021,2,5055027.30920125617
818,FIR,Firearms/Guns/Ammunition,2022,1,3446657.56430291408
819,TOU,Travel/Tourism,2010,2,1642158.61774512738
819,TOU,Travel/Tourism,2011,1,1635258.36428930535
803,SMB,Small Business,2015,1,4551043.55606966972
803,SMB,Small Business,2015,4,4794155.59810989641
803,SMB,Small Business,2016,3,4259726.23338588204
803,SMB,Small Business,2017,2,5471769.65726650778
803,SMB,Small Business,2018,1,5821910.87669418615
803,SMB,Small Business,2018,4,5471710.01793397495
803,SMB,Small Business,2019,3,5602754.37644199599
803,SMB,Small Business,2020,2,13729115.71193319651
803,SMB,Small Business,2021,1,11307032.50839897395
803,SMB,Small Business,2021,4,11366048.76730951167
803,SMB,Small Business,2022,3,11984595.99236012328
803,SMB,Small Business,2023,2,9246313.06729293154
803,SMB,Small Business,2024,1,10110633.78667441270
804,DOC,District of Columbia,2015,4,429066.35363247860
804,DOC,District of Columbia,2016,3,154822.34432234430
804,DOC,District of Columbia,2017,2,129787.99270904531
804,DOC,District of Columbia,2018,1,76539.68253968252
804,DOC,District of Columbia,2018,4,55761.90476190474
804,DOC,District of Columbia,2019,3,137634.41865079361
804,DOC,District of Columbia,2020,2,283304.80766594511
804,DOC,District of Columbia,2021,1,226935.55121741000
804,DOC,District of Columbia,2021,4,198092.49999999998
804,DOC,District of Columbia,2022,3,202328.45396825396
804,DOC,District of Columbia,2023,2,142357.79645191407
804,DOC,District of Columbia,2024,1,167763.45146754351
804,DOC,District of Columbia,2024,4,208265.77485994397
805,SPO,Sports/Athletics,2010,2,1007346.76597911885
805,SPO,Sports/Athletics,2011,1,474594.45873015870
805,SPO,Sports/Athletics,2011,4,533475.97460317456
805,SPO,Sports/Athletics,2012,3,845954.75970695967
805,SPO,Sports/Athletics,2013,2,972469.83504273501
805,SPO,Sports/Athletics,2014,1,539354.15905205902
806,DIS,Disaster Planning/Emergencies,2010,2,3181357.50849772413
806,DIS,Disaster Planning/Emergencies,2011,1,3337698.56706107111
806,DIS,Disaster Planning/Emergencies,2011,4,3216292.26385625632
806,DIS,Disaster Planning/Emergencies,2012,3,2384904.50963364097
806,DIS,Disaster Planning/Emergencies,2013,2,2829595.38513798270
806,DIS,Disaster Planning/Emergencies,2014,1,2590739.09611654234
806,DIS,Disaster Planning/Emergencies,2014,4,3384600.91023439793
806,DIS,Disaster Planning/Emergencies,2015,3,2716000.21676493416
806,DIS,Disaster Planning/Emergencies,2016,2,2454882.87123007690
806,DIS,Disaster Planning/Emergencies,2017,1,2759843.31921445411
807,TAX,Taxation/Internal Revenue Code,2024,4,120693486.72452495586
808,ECN,Economics/Economic Development,2024,4,6478079.92072567233
809,TEC,Telecommunications,2014,4,26430471.13420678631
809,TEC,Telecommunications,2015,3,23671675.73977843563
809,TEC,Telecommunications,2016,2,25924884.33314133818
809,TEC,Telecommunications,2017,1,26577424.55566239269
809,TEC,Telecommunications,2017,4,28061367.97331346671
809,TEC,Telecommunications,2018,3,28104221.73315082732
809,TEC,Telecommunications,2019,2,32025076.52133451746
809,TEC,Telecommunications,2020,1,33750691.07584014306
809,TEC,Telecommunications,2020,4,31706387.30070276213
809,TEC,Telecommunications,2021,3,33990264.93266716150
809,TEC,Telecommunications,2022,2,33944947.19529806323
809,TEC,Telecommunications,2023,1,35196632.69971772409
810,EDU,Education,2017,4,17649265.73679350357
810,EDU,Education,2018,3,18743066.58148740613
801,SCI,Science/Technology,2023,4,20519078.29044946316
801,SCI,Science/Technology,2024,3,21829354.50772285583
802,DEF,Defense,2010,1,41917634.61052857048
802,DEF,Defense,2010,4,35997044.23522335055
802,DEF,Defense,2011,3,31868220.77243508002
802,DEF,Defense,2012,2,32238625.21777911883
802,DEF,Defense,2013,1,28217326.77479763587
803,SMB,Small Business,2020,4,13119130.80584240233
803,SMB,Small Business,2021,3,11344567.79809682160
803,SMB,Small Business,2022,2,10886486.03591361511
803,SMB,Small Business,2023,1,9464661.03567405389
803,SMB,Small Business,2023,4,9401297.78834121619
803,SMB,Small Business,2024,3,8111537.92015369708
804,DOC,District of Columbia,2010,1,226158.84474153294
804,DOC,District of Columbia,2010,4,170251.77763413054
804,DOC,District of Columbia,2011,3,700536.02559205497
804,DOC,District of Columbia,2012,2,289022.79391899347
804,DOC,District of Columbia,2013,1,225395.77758298269
804,DOC,District of Columbia,2013,4,197546.41113841112
804,DOC,District of Columbia,2014,3,177379.67054263565
804,DOC,District of Columbia,2015,2,254285.95619731141
804,DOC,District of Columbia,2016,1,513170.28256538777
804,DOC,District of Columbia,2016,4,168450.60634920631
804,DOC,District of Columbia,2017,3,145326.19047619045
804,DOC,District of Columbia,2018,2,74450.79365079363
804,DOC,District of Columbia,2019,1,78375.14880952379
806,DIS,Disaster Planning/Emergencies,2013,4,3030794.32152593894
806,DIS,Disaster Planning/Emergencies,2014,3,3500190.05013918271
806,DIS,Disaster Planning/Emergencies,2015,2,2786051.11384824300
806,DIS,Disaster Planning/Emergencies,2016,1,3052888.69991756589
806,DIS,Disaster Planning/Emergencies,2016,4,3503249.41696677485
806,DIS,Disaster Planning/Emergencies,2017,3,3967527.30133817108
806,DIS,Disaster Planning/Emergencies,2018,2,4474322.83695917914
806,DIS,Disaster Planning/Emergencies,2019,1,4638245.61002084564
806,DIS,Disaster Planning/Emergencies,2019,4,3904938.03186263313
806,DIS,Disaster Planning/Emergencies,2020,3,9880983.21054224186
806,DIS,Disaster Planning/Emergencies,2021,2,7383626.55660597518
806,DIS,Disaster Planning/Emergencies,2022,1,8088284.70426645147
806,DIS,Disaster Planning/Emergencies,2022,4,7049489.86800309642
806,DIS,Disaster Planning/Emergencies,2023,3,3863819.71002641540
806,DIS,Disaster Planning/Emergencies,2024,2,3978724.85224300079
807,TAX,Taxation/Internal Revenue Code,2010,3,90262155.35076124265
807,TAX,Taxation/Internal Revenue Code,2011,2,90622397.97947192985
807,TAX,Taxation/Internal Revenue Code,2012,1,101583813.39371893607
808,ECN,Economics/Economic Development,2019,4,4081156.80241286447
808,ECN,Economics/Economic Development,2020,3,8277801.72907325431
808,ECN,Economics/Economic Development,2021,2,6351119.54558136671
808,ECN,Economics/Economic Development,2022,1,7616750.42634456131
808,ECN,Economics/Economic Development,2022,4,7382735.51224126364
808,ECN,Economics/Economic Development,2023,3,6101771.04931175671
808,ECN,Economics/Economic Development,2024,2,7088627.30285694646
809,TEC,Telecommunications,2010,3,23179214.76209793841
809,TEC,Telecommunications,2011,2,26086495.28370154899
809,TEC,Telecommunications,2012,1,28922075.62537182082
809,TEC,Telecommunications,2012,4,26274459.29209430736
819,TOU,Travel/Tourism,2011,4,1887780.35714285705
819,TOU,Travel/Tourism,2012,3,2099131.75324675317
819,TOU,Travel/Tourism,2013,2,1454680.54864433802
819,TOU,Travel/Tourism,2014,1,1596192.23578995524
819,TOU,Travel/Tourism,2014,4,2344838.94532423933
819,TOU,Travel/Tourism,2015,3,2070619.01751026743
819,TOU,Travel/Tourism,2016,2,1871907.05017205003
819,TOU,Travel/Tourism,2017,1,1576685.00274170265
820,FIN,Financial Institutions/Investments/Securities,2016,4,33903631.69099926446
820,FIN,Financial Institutions/Investments/Securities,2017,3,32752573.98124153182
820,FIN,Financial Institutions/Investments/Securities,2018,2,34926726.82637719957
820,FIN,Financial Institutions/Investments/Securities,2019,1,36277295.52161743413
820,FIN,Financial Institutions/Investments/Securities,2019,4,35346471.76059540469
820,FIN,Financial Institutions/Investments/Securities,2020,3,35641824.28799883929
820,FIN,Financial Institutions/Investments/Securities,2021,2,35713585.54951866676
820,FIN,Financial Institutions/Investments/Securities,2022,1,46507231.72093664607
820,FIN,Financial Institutions/Investments/Securities,2022,4,45228574.55652775081
820,FIN,Financial Institutions/Investments/Securities,2023,3,48105858.74697302099
820,FIN,Financial Institutions/Investments/Securities,2024,2,50570014.80923821685
821,TRU,Trucking/Shipping,2011,4,2065439.31346748542
821,TRU,Trucking/Shipping,2012,3,2022744.69693543159
821,TRU,Trucking/Shipping,2013,2,2039611.88768249284
821,TRU,Trucking/Shipping,2014,1,2081955.40801673376
821,TRU,Trucking/Shipping,2014,4,2125778.47124813601
821,TRU,Trucking/Shipping,2015,3,3181869.70253602595
821,TRU,Trucking/Shipping,2016,2,2415741.46114185559
821,TRU,Trucking/Shipping,2017,1,1876461.85470114671
821,TRU,Trucking/Shipping,2017,4,2172172.04076479066
821,TRU,Trucking/Shipping,2018,3,2360615.64844805719
821,TRU,Trucking/Shipping,2019,2,2223205.23995375260
821,TRU,Trucking/Shipping,2020,1,2006263.58813963800
821,TRU,Trucking/Shipping,2020,4,1680377.89053280044
821,TRU,Trucking/Shipping,2021,3,1788768.34446147236
821,TRU,Trucking/Shipping,2022,2,2125601.32930566153
821,TRU,Trucking/Shipping,2023,1,2589389.46645021636
822,FOO,"Food Industry (Safety, Labeling, etc.)",2022,4,6369181.78013421869
822,FOO,"Food Industry (Safety, Labeling, etc.)",2023,3,6745048.89917487987
822,FOO,"Food Industry (Safety, Labeling, etc.)",2024,2,6517382.98992886158
823,URB,Urban Development/Municipalities,2017,4,1558516.94546332025
823,URB,Urban Development/Municipalities,2018,3,1863497.44720557200
823,URB,Urban Development/Municipalities,2019,2,1945649.19836147752
823,URB,Urban Development/Municipalities,2020,1,1979210.71370573855
823,URB,Urban Development/Municipalities,2020,4,2743484.32997932981
823,URB,Urban Development/Municipalities,2021,3,2753845.58091908071
823,URB,Urban Development/Municipalities,2022,2,2736860.53391053370
823,URB,Urban Development/Municipalities,2023,1,2812768.99711399690
823,URB,Urban Development/Municipalities,2023,4,3118706.60036454749
823,URB,Urban Development/Municipalities,2024,3,3237991.76495159441
825,UNM,Unemployment,2023,4,277610.79509379505
825,UNM,Unemployment,2024,3,214557.53291153286
826,FUE,Fuel/Gas/Oil,2010,2,6226450.06046509363
826,FUE,Fuel/Gas/Oil,2011,1,7312856.41622520337
810,EDU,Education,2012,1,18228339.51202036565
810,EDU,Education,2012,4,16605884.42334842559
810,EDU,Education,2013,3,18135716.77971239758
810,EDU,Education,2014,2,18398638.29699954990
810,EDU,Education,2015,1,19247404.62381422224
810,EDU,Education,2015,4,17782812.89964781420
810,EDU,Education,2016,3,17324582.88048298700
810,EDU,Education,2017,2,17248033.27454777012
810,EDU,Education,2018,1,19479287.12476980529
812,ENG,Energy/Nuclear,2012,4,43214809.45331413319
812,ENG,Energy/Nuclear,2013,3,43011827.01987253745
812,ENG,Energy/Nuclear,2014,2,39795999.91131388558
812,ENG,Energy/Nuclear,2015,1,38985652.36920012664
812,ENG,Energy/Nuclear,2015,4,37382247.24439302372
812,ENG,Energy/Nuclear,2016,3,35247670.37889638764
812,ENG,Energy/Nuclear,2017,2,33705868.51385760847
812,ENG,Energy/Nuclear,2018,1,35349083.85583788527
812,ENG,Energy/Nuclear,2018,4,30650042.37451434732
812,ENG,Energy/Nuclear,2019,3,30575562.26129187138
812,ENG,Energy/Nuclear,2020,2,28207734.80997318469
812,ENG,Energy/Nuclear,2021,1,31949098.40424795219
812,ENG,Energy/Nuclear,2021,4,40325979.90252643226
812,ENG,Energy/Nuclear,2022,3,42632168.33838416217
812,ENG,Energy/Nuclear,2023,2,49091388.79639794273
812,ENG,Energy/Nuclear,2024,1,51364430.08454023861
813,TOR,Torts,2010,2,8767504.86399047123
813,TOR,Torts,2011,1,6776382.64154069170
814,ENV,Environmental/Superfund,2018,4,21026771.99857035671
814,ENV,Environmental/Superfund,2019,3,21584399.05942640794
814,ENV,Environmental/Superfund,2020,2,20110507.46041800131
814,ENV,Environmental/Superfund,2021,1,24242002.70048831311
814,ENV,Environmental/Superfund,2021,4,28735196.34208870313
814,ENV,Environmental/Superfund,2022,3,30541996.80798596556
814,ENV,Environmental/Superfund,2023,2,30682650.89756535087
814,ENV,Environmental/Superfund,2024,1,35228957.01655291646
814,ENV,Environmental/Superfund,2024,4,33699302.06192356753
815,TRD,Trade (Domestic & Foreign),2010,2,29078212.67468911628
815,TRD,Trade (Domestic & Foreign),2011,1,35108631.35304959131
815,TRD,Trade (Domestic & Foreign),2011,4,35579599.91246549059
815,TRD,Trade (Domestic & Foreign),2012,3,37164773.83846023940
815,TRD,Trade (Domestic & Foreign),2013,2,36414971.79170510957
815,TRD,Trade (Domestic & Foreign),2014,1,41321161.16879095247
815,TRD,Trade (Domestic & Foreign),2014,4,41731208.26978325223
815,TRD,Trade (Domestic & Foreign),2015,3,43771548.43616541530
815,TRD,Trade (Domestic & Foreign),2016,2,41545510.16778610434
815,TRD,Trade (Domestic & Foreign),2017,1,41936009.10775711942
816,FAM,Family Issues/Abortion/Adoption,2024,4,1300162.04901312128
817,TRA,Transportation,2011,4,32028333.41915177547
817,TRA,Transportation,2012,3,30561939.22313599084
817,TRA,Transportation,2013,2,26887041.01694286803
817,TRA,Transportation,2014,1,27972781.14787848120
817,TRA,Transportation,2014,4,28109888.85663265539
817,TRA,Transportation,2015,3,32288408.47221490890
817,TRA,Transportation,2016,2,30247610.13471744394
817,TRA,Transportation,2017,1,33627202.86510197146
817,TRA,Transportation,2017,4,33047460.13315123007
817,TRA,Transportation,2018,3,34098987.26164131970
817,TRA,Transportation,2019,2,33735165.13432652005
817,TRA,Transportation,2020,1,37187661.27519976898
817,TRA,Transportation,2020,4,34189783.98196461195
800,CPT,Copyright/Patent/Trademark,2024,1,27040894.50576062395
800,CPT,Copyright/Patent/Trademark,2024,4,24990821.91556868527
801,SCI,Science/Technology,2010,4,8451367.20422404426
801,SCI,Science/Technology,2011,3,7226296.95094557095
801,SCI,Science/Technology,2012,2,7374212.37219054666
801,SCI,Science/Technology,2013,1,7717174.03139982592
801,SCI,Science/Technology,2013,4,7764468.25528753097
801,SCI,Science/Technology,2014,3,7968298.66113149633
801,SCI,Science/Technology,2015,2,9298312.66460222735
801,SCI,Science/Technology,2016,1,9429785.02167766645
801,SCI,Science/Technology,2016,4,8223543.75086516022
801,SCI,Science/Technology,2017,3,7914599.90811647448
801,SCI,Science/Technology,2018,2,8434643.38884222869
801,SCI,Science/Technology,2019,1,10941298.51114433489
801,SCI,Science/Technology,2019,4,12768087.26519938076
801,SCI,Science/Technology,2020,3,11821753.86154514940
801,SCI,Science/Technology,2021,2,14566267.94691056698
801,SCI,Science/Technology,2022,1,19369034.57299587697
802,DEF,Defense,2010,2,40279647.65451436810
802,DEF,Defense,2011,1,33995252.35748910049
802,DEF,Defense,2011,4,35194623.93942441730
802,DEF,Defense,2012,3,30474507.19851382277
802,DEF,Defense,2013,2,28974128.68390564433
802,DEF,Defense,2014,1,28313628.19213769140
802,DEF,Defense,2014,4,28492795.90404394363
802,DEF,Defense,2015,3,28737165.44132786596
802,DEF,Defense,2016,2,31831402.25678976033
802,DEF,Defense,2017,1,30205110.22217954371
803,SMB,Small Business,2010,3,6418853.20445434306
803,SMB,Small Business,2011,2,5452123.04162866690
803,SMB,Small Business,2012,1,6738654.57357932929
805,SPO,Sports/Athletics,2022,4,1674393.65404957607
805,SPO,Sports/Athletics,2023,3,2161554.57498308868
805,SPO,Sports/Athletics,2024,2,2276459.03147832547
806,DIS,Disaster Planning/Emergencies,2017,4,6691214.40075141168
806,DIS,Disaster Planning/Emergencies,2018,3,5700232.68997658231
806,DIS,Disaster Planning/Emergencies,2019,2,4454599.66121900169
806,DIS,Disaster Planning/Emergencies,2020,1,9475467.58379367377
806,DIS,Disaster Planning/Emergencies,2020,4,9635592.37166176718
806,DIS,Disaster Planning/Emergencies,2021,3,7189338.67618239114
806,DIS,Disaster Planning/Emergencies,2022,2,6870296.92056595315
806,DIS,Disaster Planning/Emergencies,2023,1,5731338.64125133504
806,DIS,Disaster Planning/Emergencies,2023,4,3947461.30021368769
806,DIS,Disaster Planning/Emergencies,2024,3,3933299.84615069695
807,TAX,Taxation/Internal Revenue Code,2012,4,102252541.41296008598
807,TAX,Taxation/Internal Revenue Code,2013,3,102864046.17930751956
807,TAX,Taxation/Internal Revenue Code,2014,2,101145735.84073585049
807,TAX,Taxation/Internal Revenue Code,2015,1,105647030.77971485077
807,TAX,Taxation/Internal Revenue Code,2015,4,99354740.20420836996
807,TAX,Taxation/Internal Revenue Code,2016,3,91770347.06865883281
807,TAX,Taxation/Internal Revenue Code,2017,2,115001324.75427237271
807,TAX,Taxation/Internal Revenue Code,2018,1,118159869.45696796195
807,TAX,Taxation/Internal Revenue Code,2018,4,97721666.99037998989
807,TAX,Taxation/Internal Revenue Code,2019,3,89608810.46263676658
807,TAX,Taxation/Internal Revenue Code,2020,2,89384831.96807529741
807,TAX,Taxation/Internal Revenue Code,2021,1,96768463.27792232434
807,TAX,Taxation/Internal Revenue Code,2021,4,117915762.73132186074
807,TAX,Taxation/Internal Revenue Code,2021,3,108841636.61681703872
807,TAX,Taxation/Internal Revenue Code,2022,2,109023612.56474745346
807,TAX,Taxation/Internal Revenue Code,2023,1,117092780.45615382123
807,TAX,Taxation/Internal Revenue Code,2023,4,111287835.39734588658
807,TAX,Taxation/Internal Revenue Code,2024,3,115098102.81443246910
808,ECN,Economics/Economic Development,2010,2,5067775.12005326064
808,ECN,Economics/Economic Development,2011,1,3122928.78852358980
809,TEC,Telecommunications,2023,4,34368523.24933007234
809,TEC,Telecommunications,2024,3,32676048.73590328953
810,EDU,Education,2010,2,21088481.76196778668
810,EDU,Education,2011,1,19971180.50932521985
810,EDU,Education,2011,4,18661147.98158273911
810,EDU,Education,2012,3,16357600.94593151861
810,EDU,Education,2013,2,19077683.49762114148
810,EDU,Education,2014,1,19091880.82008650581
810,EDU,Education,2014,4,17702579.14635416636
810,EDU,Education,2015,3,17404028.88249805644
810,EDU,Education,2016,2,17725070.36841136526
810,EDU,Education,2017,1,17240784.64373967452
811,TOB,Tobacco,2010,3,4730313.65266539009
811,TOB,Tobacco,2011,2,2914530.75260850256
811,TOB,Tobacco,2012,1,3205100.26925666916
812,ENG,Energy/Nuclear,2011,4,47338618.11097188153
812,ENG,Energy/Nuclear,2012,3,41789075.64767889078
812,ENG,Energy/Nuclear,2013,2,42375122.07907992460
812,ENG,Energy/Nuclear,2014,1,41103107.73371514431
812,ENG,Energy/Nuclear,2014,4,37179125.23580449971
812,ENG,Energy/Nuclear,2015,3,35839581.66907968893
812,ENG,Energy/Nuclear,2016,2,36321872.95265808647
812,ENG,Energy/Nuclear,2017,1,35806478.11128177236
812,ENG,Energy/Nuclear,2017,4,35271576.94121215313
812,ENG,Energy/Nuclear,2018,3,31768388.67658272571
812,ENG,Energy/Nuclear,2019,2,32909375.73265831218
812,ENG,Energy/Nuclear,2020,1,34368950.12204265979
813,TOR,Torts,2010,3,8140330.86590938278
813,TOR,Torts,2011,2,7250557.69717107783
813,TOR,Torts,2012,1,5070708.64259827054
813,TOR,Torts,2012,4,4856102.97875856498
813,TOR,Torts,2013,3,4872609.94157602504
813,TOR,Torts,2014,2,5428053.00436622184
813,TOR,Torts,2015,1,3381617.03912427433
814,ENV,Environmental/Superfund,2014,4,23159251.81882179522
814,ENV,Environmental/Superfund,2015,3,21513998.86964109020
814,ENV,Environmental/Superfund,2016,2,21353969.12413097214
814,ENV,Environmental/Superfund,2017,1,23524242.06925615106
814,ENV,Environmental/Superfund,2017,4,20654028.48313298622
814,ENV,Environmental/Superfund,2018,3,21820056.25803052633
814,ENV,Environmental/Superfund,2019,2,21988332.43535414730
814,ENV,Environmental/Superfund,2020,1,25543695.74899250726
814,ENV,Environmental/Superfund,2020,4,24267558.95923843542
814,ENV,Environmental/Superfund,2021,3,27907576.27328828551
814,ENV,Environmental/Superfund,2022,2,28042721.18178814655
814,ENV,Environmental/Superfund,2023,1,31298585.58438265473
814,ENV,Environmental/Superfund,2023,4,33385978.23746053544
814,ENV,Environmental/Superfund,2024,3,32595327.00324126843
815,TRD,Trade (Domestic & Foreign),2010,3,28894955.40292498144
815,TRD,Trade (Domestic & Foreign),2011,2,33729437.74672210024
815,TRD,Trade (Domestic & Foreign),2012,1,39371672.98530690071
815,TRD,Trade (Domestic & Foreign),2012,4,38002702.48116980551
815,TRD,Trade (Domestic & Foreign),2013,3,36449248.87567943316
810,EDU,Education,2019,2,18539684.77118205397
810,EDU,Education,2020,1,18139557.77325502432
810,EDU,Education,2020,4,17251739.48618879459
810,EDU,Education,2021,3,18740673.06285256738
810,EDU,Education,2022,2,20636125.29087292654
810,EDU,Education,2023,1,21537844.66819989513
810,EDU,Education,2023,4,22157837.99403915968
810,EDU,Education,2024,3,22218479.97123202353
811,TOB,Tobacco,2010,1,4782677.77053436749
811,TOB,Tobacco,2010,4,3206830.16209150319
811,TOB,Tobacco,2011,3,3819331.50683113176
811,TOB,Tobacco,2012,2,3827184.39352869345
811,TOB,Tobacco,2013,1,4302690.41633089128
811,TOB,Tobacco,2013,4,3400312.09401154395
811,TOB,Tobacco,2014,3,3125742.55258630250
811,TOB,Tobacco,2015,2,3367692.26066988561
811,TOB,Tobacco,2016,1,2995459.18362421886
812,ENG,Energy/Nuclear,2010,1,59685874.09854730872
812,ENG,Energy/Nuclear,2010,4,51384767.41277511957
812,ENG,Energy/Nuclear,2011,3,45443868.24625162800
812,ENG,Energy/Nuclear,2012,2,43683803.62125215359
812,ENG,Energy/Nuclear,2013,1,42584855.50014006260
812,ENG,Energy/Nuclear,2013,4,43980976.67669122936
812,ENG,Energy/Nuclear,2014,3,38502932.28484224808
812,ENG,Energy/Nuclear,2015,2,37248530.76993571290
812,ENG,Energy/Nuclear,2016,1,39075778.90525630312
813,TOR,Torts,2023,4,2604810.60519915374
813,TOR,Torts,2024,3,2467601.73674769970
815,TRD,Trade (Domestic & Foreign),2013,4,40517362.87431229632
815,TRD,Trade (Domestic & Foreign),2014,3,39405406.10011062250
815,TRD,Trade (Domestic & Foreign),2015,2,49369241.96723669174
815,TRD,Trade (Domestic & Foreign),2016,1,45158036.64471712175
815,TRD,Trade (Domestic & Foreign),2016,4,37415999.72886550831
815,TRD,Trade (Domestic & Foreign),2017,3,43934361.82474294696
815,TRD,Trade (Domestic & Foreign),2018,2,52550111.48813868677
815,TRD,Trade (Domestic & Foreign),2019,1,59815956.86872423214
815,TRD,Trade (Domestic & Foreign),2019,4,59437985.76906590752
815,TRD,Trade (Domestic & Foreign),2020,3,47824803.32122436486
815,TRD,Trade (Domestic & Foreign),2021,2,48331072.96337547871
815,TRD,Trade (Domestic & Foreign),2022,1,56733183.21343055018
815,TRD,Trade (Domestic & Foreign),2022,4,50429697.13950683217
815,TRD,Trade (Domestic & Foreign),2023,3,52660642.84215727776
815,TRD,Trade (Domestic & Foreign),2024,2,58108749.93427600503
816,FAM,Family Issues/Abortion/Adoption,2016,4,689615.14221471631
816,FAM,Family Issues/Abortion/Adoption,2017,3,649537.62445837753
816,FAM,Family Issues/Abortion/Adoption,2018,2,979017.55194805187
816,FAM,Family Issues/Abortion/Adoption,2019,1,704725.75873015865
816,FAM,Family Issues/Abortion/Adoption,2019,4,642316.54993209398
816,FAM,Family Issues/Abortion/Adoption,2020,3,475481.66673654371
816,FAM,Family Issues/Abortion/Adoption,2021,2,1259423.04413233815
816,FAM,Family Issues/Abortion/Adoption,2022,1,1690712.76264245719
816,FAM,Family Issues/Abortion/Adoption,2022,4,1421610.69383493172
816,FAM,Family Issues/Abortion/Adoption,2023,3,1281647.55808219550
816,FAM,Family Issues/Abortion/Adoption,2024,2,1550044.88734990489
817,TRA,Transportation,2010,3,29436539.10171271494
817,TRA,Transportation,2011,2,31056059.69262654081
817,TRA,Transportation,2012,1,33860171.70969667717
817,TRA,Transportation,2012,4,28229784.18232264481
817,TRA,Transportation,2013,3,25066687.14781306120
801,SCI,Science/Technology,2014,2,8076311.53313258231
801,SCI,Science/Technology,2015,1,8459344.97268605949
801,SCI,Science/Technology,2015,4,8598962.07794975005
801,SCI,Science/Technology,2016,3,8173786.35039322079
801,SCI,Science/Technology,2017,2,8601953.01988177536
801,SCI,Science/Technology,2018,1,8581662.43477532313
802,DEF,Defense,2010,3,36256447.52959516770
802,DEF,Defense,2011,2,34800491.63797304772
802,DEF,Defense,2012,1,32536614.49722309704
802,DEF,Defense,2012,4,31606141.55924918590
802,DEF,Defense,2013,3,27154998.86954559766
802,DEF,Defense,2014,2,29160269.65702702225
802,DEF,Defense,2015,1,28686514.72122898058
802,DEF,Defense,2015,4,28723472.01735356039
802,DEF,Defense,2016,3,30350809.40818915396
802,DEF,Defense,2017,2,32322207.72550290797
802,DEF,Defense,2018,1,34378731.26789860331
802,DEF,Defense,2018,4,34651337.68131574166
802,DEF,Defense,2019,3,37562043.33044191640
802,DEF,Defense,2020,2,41308854.01259941957
802,DEF,Defense,2021,1,41285883.91837715274
804,DOC,District of Columbia,2010,2,176301.75706646291
804,DOC,District of Columbia,2011,1,253244.28826062337
805,SPO,Sports/Athletics,2018,4,946936.22712842707
805,SPO,Sports/Athletics,2019,3,1057656.56565656561
805,SPO,Sports/Athletics,2020,2,1691612.35353535344
805,SPO,Sports/Athletics,2021,1,1827197.88425901570
805,SPO,Sports/Athletics,2021,4,1919272.18057742191
805,SPO,Sports/Athletics,2022,3,1577342.50941058933
805,SPO,Sports/Athletics,2023,2,2117687.53345598836
805,SPO,Sports/Athletics,2024,1,2219181.84855177489
805,SPO,Sports/Athletics,2024,4,2518249.79397302033
806,DIS,Disaster Planning/Emergencies,2021,4,7728909.35721844466
806,DIS,Disaster Planning/Emergencies,2022,3,7785458.49560515109
806,DIS,Disaster Planning/Emergencies,2023,2,4738412.82511341387
806,DIS,Disaster Planning/Emergencies,2024,1,3757601.99902778636
806,DIS,Disaster Planning/Emergencies,2024,4,3942007.49846075789
807,TAX,Taxation/Internal Revenue Code,2010,2,94362797.62176164008
807,TAX,Taxation/Internal Revenue Code,2011,1,95665197.71935116117
807,TAX,Taxation/Internal Revenue Code,2011,4,98395709.52825585605
807,TAX,Taxation/Internal Revenue Code,2012,3,93843435.56961745655
807,TAX,Taxation/Internal Revenue Code,2013,2,101902430.75784068627
807,TAX,Taxation/Internal Revenue Code,2014,1,109177092.23309789739
807,TAX,Taxation/Internal Revenue Code,2014,4,103221161.43309730535
807,TAX,Taxation/Internal Revenue Code,2015,3,95435830.76959619841
807,TAX,Taxation/Internal Revenue Code,2016,2,93434949.54676617818
807,TAX,Taxation/Internal Revenue Code,2017,1,121295833.57504706410
807,TAX,Taxation/Internal Revenue Code,2017,4,142309122.77117899315
807,TAX,Taxation/Internal Revenue Code,2018,3,95467250.43156499637
807,TAX,Taxation/Internal Revenue Code,2019,2,94174457.43752665472
807,TAX,Taxation/Internal Revenue Code,2020,1,99192036.25285701620
808,ECN,Economics/Economic Development,2011,4,4334538.93984017889
808,ECN,Economics/Economic Development,2012,3,5494543.18893216005
808,ECN,Economics/Economic Development,2013,2,4619015.08005023823
808,ECN,Economics/Economic Development,2014,1,5086385.45277832427
808,ECN,Economics/Economic Development,2014,4,5376106.27976871616
808,ECN,Economics/Economic Development,2015,3,4238543.05053737081
787,PHA,Pharmacy,2012,4,7977628.86991006047
787,PHA,Pharmacy,2013,3,9878127.13415327332
787,PHA,Pharmacy,2014,2,10279587.30389882145
787,PHA,Pharmacy,2015,1,10076461.91489066465
788,CAW,Clean Air & Water (Quality),2010,1,19399798.95889630055
789,POS,Postal,2022,4,2742509.69225714520
789,POS,Postal,2023,3,2663372.10982737055
789,POS,Postal,2024,2,2549870.18150931178
790,CDT,Commodities (Big Ticket),2017,4,2108292.94354534349
790,CDT,Commodities (Big Ticket),2018,3,1749805.65320265314
790,CDT,Commodities (Big Ticket),2019,2,1742347.07502872011
790,CDT,Commodities (Big Ticket),2020,1,2146052.64450996154
790,CDT,Commodities (Big Ticket),2020,4,1557565.15706515702
790,CDT,Commodities (Big Ticket),2021,3,1609889.57121310057
790,CDT,Commodities (Big Ticket),2022,2,1804647.62443438909
790,CDT,Commodities (Big Ticket),2023,1,1896986.06295665114
790,CDT,Commodities (Big Ticket),2023,4,1758614.71861471853
790,CDT,Commodities (Big Ticket),2024,3,1299388.09246309238
791,RRR,Railroads,2012,4,4551030.13272870904
791,RRR,Railroads,2013,3,3814807.80423857175
791,RRR,Railroads,2014,2,4348292.82034893193
791,RRR,Railroads,2015,1,5531141.08651781199
791,RRR,Railroads,2015,4,4704319.80168208960
791,RRR,Railroads,2016,3,3397136.09216339197
791,RRR,Railroads,2017,2,3199717.79233544214
791,RRR,Railroads,2018,1,3211180.76439606125
791,RRR,Railroads,2018,4,3028129.81811391206
791,RRR,Railroads,2019,3,2989491.25097402582
791,RRR,Railroads,2020,2,2649209.33903873888
791,RRR,Railroads,2021,1,2539010.33080808062
791,RRR,Railroads,2021,4,3192097.01217507966
791,RRR,Railroads,2022,3,3107207.82758744506
791,RRR,Railroads,2023,2,4567509.52505729539
791,RRR,Railroads,2024,1,4475553.60875133622
792,COM,Communications/Broadcasting/Radio/TV,2010,1,14528940.31712026680
792,COM,Communications/Broadcasting/Radio/TV,2010,4,16243069.16714653681
792,COM,Communications/Broadcasting/Radio/TV,2011,3,14412037.80796197237
792,COM,Communications/Broadcasting/Radio/TV,2012,2,13359058.91175544585
792,COM,Communications/Broadcasting/Radio/TV,2013,1,14656669.89407944517
792,COM,Communications/Broadcasting/Radio/TV,2013,4,13835021.30901109518
792,COM,Communications/Broadcasting/Radio/TV,2014,3,12869868.84702769813
792,COM,Communications/Broadcasting/Radio/TV,2015,2,12741852.19402402688
792,COM,Communications/Broadcasting/Radio/TV,2016,1,13464607.02161108378
792,COM,Communications/Broadcasting/Radio/TV,2016,4,11437100.62525946246
792,COM,Communications/Broadcasting/Radio/TV,2017,3,11783909.42227034629
792,COM,Communications/Broadcasting/Radio/TV,2018,2,12939222.27724293647
792,COM,Communications/Broadcasting/Radio/TV,2019,1,13494282.75040335455
793,RES,Real Estate/Land Use/Conservation,2010,2,3231058.14249276532
793,RES,Real Estate/Land Use/Conservation,2011,1,2137761.36708200626
793,RES,Real Estate/Land Use/Conservation,2011,4,1924931.38335933056
793,RES,Real Estate/Land Use/Conservation,2012,3,2383365.45662670641
793,RES,Real Estate/Land Use/Conservation,2013,2,2708814.27719750986
793,RES,Real Estate/Land Use/Conservation,2014,1,2633085.77678497952
795,REL,Religion,2024,4,218000.00000000000
796,CSP,Consumer Issues/Safety/Protection,2019,4,16173921.42587128687
796,CSP,Consumer Issues/Safety/Protection,2020,3,16007436.92851658049
826,FUE,Fuel/Gas/Oil,2011,4,6682195.90621404708
826,FUE,Fuel/Gas/Oil,2012,3,6063005.18303004148
826,FUE,Fuel/Gas/Oil,2013,2,6668837.46023049841
826,FUE,Fuel/Gas/Oil,2014,1,6656415.57169098979
828,GAM,Gaming/Gambling/Casino,2010,2,4883474.98382875137
828,GAM,Gaming/Gambling/Casino,2011,1,5244520.70006464116
828,GAM,Gaming/Gambling/Casino,2011,4,4985003.23120017232
828,GAM,Gaming/Gambling/Casino,2012,3,5048254.15262515254
828,GAM,Gaming/Gambling/Casino,2013,2,3854045.98320977259
828,GAM,Gaming/Gambling/Casino,2014,1,3662021.71662554474
828,GAM,Gaming/Gambling/Casino,2014,4,3336934.23443223435
828,GAM,Gaming/Gambling/Casino,2015,3,3157108.59909199835
828,GAM,Gaming/Gambling/Casino,2016,2,3412748.37728937723
828,GAM,Gaming/Gambling/Casino,2017,1,2272897.26678876674
828,GAM,Gaming/Gambling/Casino,2017,4,2545460.84687534682
828,GAM,Gaming/Gambling/Casino,2018,3,2642271.13858363851
828,GAM,Gaming/Gambling/Casino,2019,2,2945158.98840048832
828,GAM,Gaming/Gambling/Casino,2020,1,2244183.40048840043
829,VET,Veterans,2010,3,4900068.86625164019
829,VET,Veterans,2011,2,4209999.46631467059
829,VET,Veterans,2012,1,4788804.29743174280
829,VET,Veterans,2012,4,4244410.38469518064
829,VET,Veterans,2013,3,4396830.59151255490
829,VET,Veterans,2014,2,8140844.16826660052
829,VET,Veterans,2015,1,5823351.35330959855
830,GOV,Government Issues,2014,4,13002530.79171960706
830,GOV,Government Issues,2015,3,12597648.13693434119
830,GOV,Government Issues,2016,2,13879304.01236806249
830,GOV,Government Issues,2017,1,16701880.62518727761
830,GOV,Government Issues,2017,4,19437723.30733888983
830,GOV,Government Issues,2018,3,19928085.36757264457
830,GOV,Government Issues,2019,2,17497485.08950391986
830,GOV,Government Issues,2020,1,16310534.12387475228
830,GOV,Government Issues,2020,4,18728398.28767857176
830,GOV,Government Issues,2021,3,20455859.61074980290
830,GOV,Government Issues,2022,2,20933478.32602161816
830,GOV,Government Issues,2023,1,17135509.44465776065
831,WAS,Waste (hazardous/solid/interstate/nuclear),2010,3,1482711.94141095821
831,WAS,Waste (hazardous/solid/interstate/nuclear),2011,2,1699828.88461538451
831,WAS,Waste (hazardous/solid/interstate/nuclear),2012,1,1962244.27197247187
831,WAS,Waste (hazardous/solid/interstate/nuclear),2012,4,2031354.82147852137
831,WAS,Waste (hazardous/solid/interstate/nuclear),2013,3,1823958.03539793529
831,WAS,Waste (hazardous/solid/interstate/nuclear),2014,2,2033438.24979259978
831,WAS,Waste (hazardous/solid/interstate/nuclear),2015,1,1793754.07610167600
831,WAS,Waste (hazardous/solid/interstate/nuclear),2015,4,1422596.41650326790
831,WAS,Waste (hazardous/solid/interstate/nuclear),2016,3,1494447.04629218815
831,WAS,Waste (hazardous/solid/interstate/nuclear),2017,2,930393.47168248412
831,WAS,Waste (hazardous/solid/interstate/nuclear),2018,1,903201.18665742853
831,WAS,Waste (hazardous/solid/interstate/nuclear),2018,4,913148.31038961033
831,WAS,Waste (hazardous/solid/interstate/nuclear),2019,3,1041050.82864211803
831,WAS,Waste (hazardous/solid/interstate/nuclear),2020,2,1001863.10577200569
831,WAS,Waste (hazardous/solid/interstate/nuclear),2021,1,1227728.07705627697
832,HCR,Health Issues,2020,4,100805941.98589616745
832,HCR,Health Issues,2021,3,106404370.54397454840
817,TRA,Transportation,2014,2,28834393.86712000733
817,TRA,Transportation,2015,1,31059328.03550481835
818,FIR,Firearms/Guns/Ammunition,2010,3,971568.27450980389
818,FIR,Firearms/Guns/Ammunition,2011,2,1070498.83549783544
818,FIR,Firearms/Guns/Ammunition,2012,1,915282.04171311777
818,FIR,Firearms/Guns/Ammunition,2012,4,1258280.86317225940
818,FIR,Firearms/Guns/Ammunition,2013,3,3382434.42545164665
818,FIR,Firearms/Guns/Ammunition,2014,2,3884610.52069597063
818,FIR,Firearms/Guns/Ammunition,2015,1,2873796.65406162461
818,FIR,Firearms/Guns/Ammunition,2015,4,2938798.17569418881
818,FIR,Firearms/Guns/Ammunition,2016,3,3064914.81937506931
818,FIR,Firearms/Guns/Ammunition,2017,2,2874736.91839447097
818,FIR,Firearms/Guns/Ammunition,2018,1,3117391.61188566329
821,TRU,Trucking/Shipping,2015,4,2731312.34360438312
821,TRU,Trucking/Shipping,2016,3,1949828.26157274091
821,TRU,Trucking/Shipping,2017,2,2399290.44516594505
821,TRU,Trucking/Shipping,2018,1,2143765.80581604762
821,TRU,Trucking/Shipping,2018,4,1924397.23479853464
821,TRU,Trucking/Shipping,2019,3,2436057.09255715031
821,TRU,Trucking/Shipping,2020,2,1738566.83162948150
821,TRU,Trucking/Shipping,2021,1,2022112.43234265720
821,TRU,Trucking/Shipping,2021,4,2130660.03022940392
821,TRU,Trucking/Shipping,2022,3,2076767.07479579234
821,TRU,Trucking/Shipping,2023,2,2741716.00963480950
821,TRU,Trucking/Shipping,2024,1,2997837.16739371728
821,TRU,Trucking/Shipping,2024,4,2893250.62767787755
822,FOO,"Food Industry (Safety, Labeling, etc.)",2018,4,5226938.77981462942
822,FOO,"Food Industry (Safety, Labeling, etc.)",2019,3,4955365.33233988196
822,FOO,"Food Industry (Safety, Labeling, etc.)",2020,2,5363086.44427401572
822,FOO,"Food Industry (Safety, Labeling, etc.)",2021,1,5435437.47616184952
822,FOO,"Food Industry (Safety, Labeling, etc.)",2021,4,5581045.34735591177
822,FOO,"Food Industry (Safety, Labeling, etc.)",2022,3,6651338.29683603251
822,FOO,"Food Industry (Safety, Labeling, etc.)",2023,2,6781914.99976473475
822,FOO,"Food Industry (Safety, Labeling, etc.)",2024,1,6839402.12539192791
822,FOO,"Food Industry (Safety, Labeling, etc.)",2024,4,7218590.56621363814
823,URB,Urban Development/Municipalities,2010,2,1883252.94209222131
823,URB,Urban Development/Municipalities,2011,1,1669171.90537830944
823,URB,Urban Development/Municipalities,2011,4,1530722.44498755188
823,URB,Urban Development/Municipalities,2012,3,1577411.02129814602
823,URB,Urban Development/Municipalities,2013,2,1322811.01228771206
823,URB,Urban Development/Municipalities,2014,1,1443745.37780348286
823,URB,Urban Development/Municipalities,2014,4,1277488.47915069412
823,URB,Urban Development/Municipalities,2015,3,1290063.34255646297
823,URB,Urban Development/Municipalities,2016,2,1480979.19490370294
823,URB,Urban Development/Municipalities,2017,1,1545323.51306047737
824,FOR,Foreign Relations,2010,2,9994133.24349969588
824,FOR,Foreign Relations,2011,1,10023591.56657893271
824,FOR,Foreign Relations,2011,4,14142140.66979433245
824,FOR,Foreign Relations,2012,3,12147583.71440582942
824,FOR,Foreign Relations,2013,2,11417274.91218300493
824,FOR,Foreign Relations,2014,1,13492564.13100563115
824,FOR,Foreign Relations,2014,4,16644854.94972668536
824,FOR,Foreign Relations,2015,3,13167955.64757402858
817,TRA,Transportation,2021,3,41351468.11666033370
817,TRA,Transportation,2022,2,40375299.92747106133
817,TRA,Transportation,2023,1,43726962.72628427326
818,FIR,Firearms/Guns/Ammunition,2010,1,1033066.78960642223
819,TOU,Travel/Tourism,2017,4,1817133.68079289122
819,TOU,Travel/Tourism,2018,3,2072807.61768261758
819,TOU,Travel/Tourism,2019,2,2089024.43110230600
819,TOU,Travel/Tourism,2020,1,2615708.90935622629
819,TOU,Travel/Tourism,2020,4,2746875.41186966173
819,TOU,Travel/Tourism,2021,3,3674836.53835053820
819,TOU,Travel/Tourism,2022,2,3703766.70945720931
819,TOU,Travel/Tourism,2023,1,3517618.42440892428
819,TOU,Travel/Tourism,2023,4,3740305.62421449507
819,TOU,Travel/Tourism,2024,3,3462286.47067970332
820,FIN,Financial Institutions/Investments/Securities,2010,1,51539556.40197543970
820,FIN,Financial Institutions/Investments/Securities,2010,4,43462176.83310089919
820,FIN,Financial Institutions/Investments/Securities,2011,3,39994670.99419255694
820,FIN,Financial Institutions/Investments/Securities,2012,2,39830344.68215376263
820,FIN,Financial Institutions/Investments/Securities,2013,1,38106524.39895552470
820,FIN,Financial Institutions/Investments/Securities,2013,4,36046008.64105696103
820,FIN,Financial Institutions/Investments/Securities,2014,3,35691686.63207067788
820,FIN,Financial Institutions/Investments/Securities,2015,2,34775350.71312714560
820,FIN,Financial Institutions/Investments/Securities,2016,1,35051005.25515724574
821,TRU,Trucking/Shipping,2023,4,3912008.79902874889
821,TRU,Trucking/Shipping,2024,3,2614035.81814296799
822,FOO,"Food Industry (Safety, Labeling, etc.)",2010,4,9622779.70039795897
822,FOO,"Food Industry (Safety, Labeling, etc.)",2011,3,6027994.53623540748
822,FOO,"Food Industry (Safety, Labeling, etc.)",2012,2,7002801.86089226371
822,FOO,"Food Industry (Safety, Labeling, etc.)",2013,1,5791664.51716175948
822,FOO,"Food Industry (Safety, Labeling, etc.)",2013,4,7334219.47012301386
822,FOO,"Food Industry (Safety, Labeling, etc.)",2014,3,8095409.44720256767
822,FOO,"Food Industry (Safety, Labeling, etc.)",2015,2,8116434.83432629419
822,FOO,"Food Industry (Safety, Labeling, etc.)",2016,1,8591189.26430311820
822,FOO,"Food Industry (Safety, Labeling, etc.)",2016,4,7240970.65670734455
822,FOO,"Food Industry (Safety, Labeling, etc.)",2017,3,5554157.30891885852
822,FOO,"Food Industry (Safety, Labeling, etc.)",2018,2,5519581.45452193959
822,FOO,"Food Industry (Safety, Labeling, etc.)",2019,1,5155300.86026285503
822,FOO,"Food Industry (Safety, Labeling, etc.)",2019,4,5433116.94262996094
822,FOO,"Food Industry (Safety, Labeling, etc.)",2020,3,5125879.69802808301
822,FOO,"Food Industry (Safety, Labeling, etc.)",2021,2,5344699.89421624093
822,FOO,"Food Industry (Safety, Labeling, etc.)",2022,1,5887610.40839175411
824,FOR,Foreign Relations,2016,4,10449893.35937420389
824,FOR,Foreign Relations,2017,3,11710193.29812587186
824,FOR,Foreign Relations,2018,2,22165407.10403736650
824,FOR,Foreign Relations,2019,1,15096117.77058774519
824,FOR,Foreign Relations,2019,4,36202937.68438872796
824,FOR,Foreign Relations,2020,3,10762335.37473013222
824,FOR,Foreign Relations,2021,2,10360178.86830048207
824,FOR,Foreign Relations,2022,1,12250823.51684084829
824,FOR,Foreign Relations,2022,4,11494242.85805337641
824,FOR,Foreign Relations,2023,3,12740047.14467342133
807,TAX,Taxation/Internal Revenue Code,2022,3,110255792.17243063340
807,TAX,Taxation/Internal Revenue Code,2023,2,107533715.55445938995
807,TAX,Taxation/Internal Revenue Code,2024,1,122515953.27162104245
808,ECN,Economics/Economic Development,2010,1,5310626.32417647144
808,ECN,Economics/Economic Development,2010,4,3531260.59653912551
808,ECN,Economics/Economic Development,2011,3,5041235.05177241017
808,ECN,Economics/Economic Development,2012,2,5144827.35114390307
808,ECN,Economics/Economic Development,2013,1,4130751.90282548691
808,ECN,Economics/Economic Development,2013,4,4279418.70443870677
808,ECN,Economics/Economic Development,2014,3,5496968.88121547311
808,ECN,Economics/Economic Development,2015,2,4430575.72401993396
808,ECN,Economics/Economic Development,2016,1,4484261.08200942463
808,ECN,Economics/Economic Development,2016,4,3860756.20106264956
808,ECN,Economics/Economic Development,2017,3,4715823.28339185286
808,ECN,Economics/Economic Development,2018,2,4695148.46897411098
808,ECN,Economics/Economic Development,2019,1,4462904.33906363790
809,TEC,Telecommunications,2010,2,22845894.66919115246
809,TEC,Telecommunications,2011,1,25038136.17912161437
809,TEC,Telecommunications,2011,4,31147950.65562722969
809,TEC,Telecommunications,2012,3,25571001.31850508118
809,TEC,Telecommunications,2013,2,26078691.66625287296
809,TEC,Telecommunications,2014,1,26048061.85411011069
811,TOB,Tobacco,2021,4,5213091.09948297302
811,TOB,Tobacco,2022,3,5573477.04796706547
811,TOB,Tobacco,2023,2,5655900.98215836442
811,TOB,Tobacco,2024,1,5421161.72366522354
811,TOB,Tobacco,2024,4,5628077.84271284261
812,ENG,Energy/Nuclear,2016,4,35012297.69997715841
812,ENG,Energy/Nuclear,2017,3,31511875.31887143919
812,ENG,Energy/Nuclear,2018,2,31756330.86532502422
812,ENG,Energy/Nuclear,2019,1,33456508.71886543123
812,ENG,Energy/Nuclear,2019,4,32680551.26025767143
812,ENG,Energy/Nuclear,2020,3,28918414.76363465119
812,ENG,Energy/Nuclear,2021,2,34137392.38994174822
812,ENG,Energy/Nuclear,2022,1,42244967.26582500280
812,ENG,Energy/Nuclear,2022,4,45006619.19349349399
812,ENG,Energy/Nuclear,2023,3,46330476.51010095012
812,ENG,Energy/Nuclear,2024,2,47886451.56294060509
813,TOR,Torts,2011,4,5185071.77021976115
813,TOR,Torts,2012,3,4542986.76720326441
813,TOR,Torts,2013,2,4165025.87797525819
813,TOR,Torts,2014,1,5456413.89984721149
813,TOR,Torts,2014,4,4674257.38642998199
813,TOR,Torts,2015,3,3710116.36438887900
813,TOR,Torts,2016,2,4845924.92014135279
813,TOR,Torts,2017,1,6212455.67753631808
813,TOR,Torts,2017,4,5093731.05598380101
813,TOR,Torts,2018,3,4346943.71087297985
813,TOR,Torts,2019,2,2605258.94038583096
813,TOR,Torts,2020,1,3697391.47869128433
813,TOR,Torts,2020,4,4556283.92256596575
813,TOR,Torts,2021,3,2620639.90903685229
813,TOR,Torts,2022,2,2785048.73824059920
813,TOR,Torts,2023,1,2734127.56028328391
814,ENV,Environmental/Superfund,2010,3,31875291.73283972804
814,ENV,Environmental/Superfund,2011,2,27468597.45148203092
814,ENV,Environmental/Superfund,2012,1,27069937.01787120162
814,ENV,Environmental/Superfund,2012,4,25183174.83734347569
814,ENV,Environmental/Superfund,2013,3,22376609.50422902246
814,ENV,Environmental/Superfund,2014,2,23590787.12996631181
815,TRD,Trade (Domestic & Foreign),2014,2,39635539.07310897937
815,TRD,Trade (Domestic & Foreign),2015,1,45106746.62559103536
815,TRD,Trade (Domestic & Foreign),2015,4,42809492.20477762540
815,TRD,Trade (Domestic & Foreign),2016,3,37531266.03113199525
815,TRD,Trade (Domestic & Foreign),2017,2,42583202.59053835796
815,TRD,Trade (Domestic & Foreign),2018,1,55403050.39134045437
815,TRD,Trade (Domestic & Foreign),2018,4,53669530.10030522268
815,TRD,Trade (Domestic & Foreign),2019,3,57073764.01863206249
815,TRD,Trade (Domestic & Foreign),2020,2,49688004.85424127415
815,TRD,Trade (Domestic & Foreign),2021,1,53768641.49104970687
816,FAM,Family Issues/Abortion/Adoption,2020,4,500010.19489676983
816,FAM,Family Issues/Abortion/Adoption,2021,3,1199646.70361898151
816,FAM,Family Issues/Abortion/Adoption,2022,2,1537237.88428487568
816,FAM,Family Issues/Abortion/Adoption,2023,1,1223106.68733444047
816,FAM,Family Issues/Abortion/Adoption,2023,4,1458853.78537128925
816,FAM,Family Issues/Abortion/Adoption,2024,3,1356241.36974386112
817,TRA,Transportation,2015,4,34562266.55361865312
817,TRA,Transportation,2016,3,29808106.40244906365
817,TRA,Transportation,2017,2,32544568.76664594879
817,TRA,Transportation,2018,1,34855980.58997616660
817,TRA,Transportation,2018,4,33648593.75678357377
817,TRA,Transportation,2019,3,34907994.60398893975
817,TRA,Transportation,2020,2,35076489.03077746556
817,TRA,Transportation,2021,1,37838907.47818785764
817,TRA,Transportation,2021,4,42166631.15481062809
817,TRA,Transportation,2022,3,42311250.96468808148
817,TRA,Transportation,2023,2,41682343.85112492570
817,TRA,Transportation,2024,1,43216818.75115664770
817,TRA,Transportation,2024,4,37326065.81031390237
819,TOU,Travel/Tourism,2021,4,3936135.03762903748
819,TOU,Travel/Tourism,2022,3,3780019.83966990849
819,TOU,Travel/Tourism,2023,2,3410127.19937007425
819,TOU,Travel/Tourism,2024,1,4006378.82431457418
819,TOU,Travel/Tourism,2024,4,3444061.91217594653
820,FIN,Financial Institutions/Investments/Securities,2010,3,45775398.31166101338
820,FIN,Financial Institutions/Investments/Securities,2011,2,42527858.41707626650
820,FIN,Financial Institutions/Investments/Securities,2012,1,43572185.81825963180
822,FOO,"Food Industry (Safety, Labeling, etc.)",2010,3,9492448.71875324483
822,FOO,"Food Industry (Safety, Labeling, etc.)",2011,2,6751638.82278774964
822,FOO,"Food Industry (Safety, Labeling, etc.)",2012,1,6585471.65321003845
822,FOO,"Food Industry (Safety, Labeling, etc.)",2012,4,5526715.99450875892
822,FOO,"Food Industry (Safety, Labeling, etc.)",2013,3,6855445.89878661605
822,FOO,"Food Industry (Safety, Labeling, etc.)",2014,2,6952886.44866198770
822,FOO,"Food Industry (Safety, Labeling, etc.)",2015,1,7733767.55946692156
822,FOO,"Food Industry (Safety, Labeling, etc.)",2015,4,8451163.50546229609
822,FOO,"Food Industry (Safety, Labeling, etc.)",2016,3,7673502.29438176162
822,FOO,"Food Industry (Safety, Labeling, etc.)",2017,2,6628915.60547785498
822,FOO,"Food Industry (Safety, Labeling, etc.)",2018,1,6618229.74683417955
823,URB,Urban Development/Municipalities,2010,1,2017643.90851468769
823,URB,Urban Development/Municipalities,2010,4,1828396.87853078276
823,URB,Urban Development/Municipalities,2011,3,1688627.36294261276
823,URB,Urban Development/Municipalities,2012,2,1442866.42572705043
808,ECN,Economics/Economic Development,2016,2,4229631.83477166927
808,ECN,Economics/Economic Development,2017,1,3951950.09726245943
808,ECN,Economics/Economic Development,2017,4,5926051.74264693706
808,ECN,Economics/Economic Development,2018,3,4588083.09065171658
808,ECN,Economics/Economic Development,2019,2,4584522.59384035325
808,ECN,Economics/Economic Development,2020,1,7067959.00495131710
809,TEC,Telecommunications,2010,1,23523495.35479432509
810,EDU,Education,2010,1,20209626.65893796679
810,EDU,Education,2010,4,19345372.36967914591
810,EDU,Education,2011,3,19616875.82853874617
810,EDU,Education,2012,2,20699516.16936102087
810,EDU,Education,2013,1,17837194.08340736443
811,TOB,Tobacco,2017,4,4394772.28613199655
811,TOB,Tobacco,2018,3,4682114.43806128501
811,TOB,Tobacco,2019,2,6125740.03958023230
811,TOB,Tobacco,2020,1,7506481.07706504428
811,TOB,Tobacco,2020,4,5407307.56779915979
811,TOB,Tobacco,2021,3,5692709.33466533453
811,TOB,Tobacco,2022,2,5160011.06412868163
811,TOB,Tobacco,2023,1,5958451.17521367513
811,TOB,Tobacco,2023,4,5545450.69336219326
811,TOB,Tobacco,2024,3,5681594.42424242414
812,ENG,Energy/Nuclear,2020,4,29847426.64481204487
812,ENG,Energy/Nuclear,2021,3,36571868.87163453862
812,ENG,Energy/Nuclear,2022,2,41994143.95070605359
812,ENG,Energy/Nuclear,2023,1,48991458.28048242686
812,ENG,Energy/Nuclear,2023,4,48850042.68200493994
812,ENG,Energy/Nuclear,2024,3,47494382.45973387290
813,TOR,Torts,2010,4,9341880.38294041678
813,TOR,Torts,2011,3,7217395.81052083436
813,TOR,Torts,2012,2,4138142.15920245202
813,TOR,Torts,2013,1,3901772.90708502010
813,TOR,Torts,2013,4,5608569.34705990587
813,TOR,Torts,2014,3,4652853.63147432902
813,TOR,Torts,2015,2,4240308.52996905046
813,TOR,Torts,2016,1,5058975.29493231764
813,TOR,Torts,2016,4,4304658.72364718605
813,TOR,Torts,2017,3,5043517.45884015354
813,TOR,Torts,2018,2,4030709.30909507147
813,TOR,Torts,2019,1,2858672.02984734554
814,ENV,Environmental/Superfund,2010,4,30097579.36634138940
814,ENV,Environmental/Superfund,2011,3,26027791.28873952981
814,ENV,Environmental/Superfund,2012,2,25385833.92908170243
814,ENV,Environmental/Superfund,2013,1,23872224.32372484870
814,ENV,Environmental/Superfund,2013,4,22785677.56478771030
814,ENV,Environmental/Superfund,2014,3,24014927.83434219000
814,ENV,Environmental/Superfund,2015,2,23808136.29337134168
814,ENV,Environmental/Superfund,2016,1,22992142.96795667036
814,ENV,Environmental/Superfund,2016,4,21167733.83782819639
814,ENV,Environmental/Superfund,2017,3,20240614.46202382371
814,ENV,Environmental/Superfund,2018,2,21063463.36788374017
814,ENV,Environmental/Superfund,2019,1,21919834.13820247539
814,ENV,Environmental/Superfund,2019,4,23230758.61365566226
814,ENV,Environmental/Superfund,2020,3,24398653.79855153685
814,ENV,Environmental/Superfund,2021,2,25696829.23394371285
814,ENV,Environmental/Superfund,2022,1,29028254.74101595813
816,FAM,Family Issues/Abortion/Adoption,2010,3,658421.84131840374
816,FAM,Family Issues/Abortion/Adoption,2011,2,941441.55069518736
816,FAM,Family Issues/Abortion/Adoption,2012,1,677225.32724513137
817,TRA,Transportation,2019,4,35225730.85398884200
817,TRA,Transportation,2020,3,34501111.38428524012
832,HCR,Health Issues,2022,2,110531710.30823354850
832,HCR,Health Issues,2023,1,116004060.57308570859
832,HCR,Health Issues,2023,4,112266080.25290741837
832,HCR,Health Issues,2024,3,107426010.37582636550
833,WEL,Welfare,2015,4,496853.34619791971
833,WEL,Welfare,2016,3,569173.82852123715
833,WEL,Welfare,2017,2,620973.52229057487
833,WEL,Welfare,2018,1,516705.11102231095
833,WEL,Welfare,2018,4,752825.00168132510
833,WEL,Welfare,2019,3,708833.40849415453
833,WEL,Welfare,2020,2,638839.74870554274
833,WEL,Welfare,2021,1,666440.04744530823
833,WEL,Welfare,2021,4,627006.11190855920
833,WEL,Welfare,2022,3,628541.61972110642
833,WEL,Welfare,2023,2,656057.48137339388
833,WEL,Welfare,2024,1,668451.37712529009
274245,TAR,Tariff Bills,2010,3,4183387.28269477322
274245,TAR,Tariff Bills,2011,2,1229323.03618821260
274245,TAR,Tariff Bills,2012,1,1790496.41314404539
274245,TAR,Tariff Bills,2012,4,3019894.79359855817
274245,TAR,Tariff Bills,2013,3,2558653.79273711027
274245,TAR,Tariff Bills,2014,2,2383360.88623598613
274245,TAR,Tariff Bills,2015,1,2116671.66526492509
796,CSP,Consumer Issues/Safety/Protection,2021,2,14973213.92385798353
796,CSP,Consumer Issues/Safety/Protection,2022,1,16214357.73449389523
796,CSP,Consumer Issues/Safety/Protection,2022,4,17979635.21853101266
796,CSP,Consumer Issues/Safety/Protection,2023,3,18167621.65372406175
796,CSP,Consumer Issues/Safety/Protection,2024,2,20561860.36032120276
797,RET,Retirement,2014,4,11638688.95974445310
797,RET,Retirement,2015,3,11096868.72755022723
797,RET,Retirement,2016,2,11287163.82844684993
797,RET,Retirement,2017,1,10666798.37048923270
797,RET,Retirement,2017,4,11632136.42261073578
797,RET,Retirement,2018,3,11061722.48986615276
797,RET,Retirement,2019,2,11870617.15297596933
797,RET,Retirement,2020,1,11734298.17865710482
797,RET,Retirement,2020,4,11229275.23241433439
797,RET,Retirement,2021,3,9989464.11650609422
797,RET,Retirement,2022,2,10550737.02268195305
797,RET,Retirement,2023,1,9919879.02777940977
797,RET,Retirement,2023,4,9862498.25083318057
797,RET,Retirement,2024,3,9985739.80788687576
798,CON,Constitution,2010,3,2006214.67868732567
798,CON,Constitution,2011,2,1191096.73394222728
798,CON,Constitution,2012,1,711711.16754282191
798,CON,Constitution,2012,4,817886.14450461814
798,CON,Constitution,2013,3,1533992.93553178841
798,CON,Constitution,2014,2,2084961.73276550922
798,CON,Constitution,2015,1,779740.82633053215
798,CON,Constitution,2015,4,854033.70473480761
798,CON,Constitution,2016,3,1027029.11062801925
798,CON,Constitution,2017,2,946449.37085813632
798,CON,Constitution,2018,1,725871.17517789223
798,CON,Constitution,2018,4,835019.60495498645
798,CON,Constitution,2019,3,666186.43393362734
798,CON,Constitution,2020,2,741261.46427512537
798,CON,Constitution,2021,1,875387.51040544414
799,ROD,Roads/Highway,2010,1,1653971.25491970507
799,ROD,Roads/Highway,2010,4,1702549.20032737396
799,ROD,Roads/Highway,2011,3,1667940.10792981506
799,ROD,Roads/Highway,2012,2,2709484.79529500971
799,ROD,Roads/Highway,2013,1,1116961.19595550629
799,ROD,Roads/Highway,2013,4,1062574.77130501059
799,ROD,Roads/Highway,2014,3,1820755.49087579064
799,ROD,Roads/Highway,2015,2,1974252.04003097844
799,ROD,Roads/Highway,2016,1,1514259.99918880980
800,CPT,Copyright/Patent/Trademark,2010,2,27669524.43298450291
800,CPT,Copyright/Patent/Trademark,2011,1,35765498.94166890882
802,DEF,Defense,2021,4,45727632.19167492983
802,DEF,Defense,2022,3,52678246.98119939566
802,DEF,Defense,2023,2,63444955.90223277559
802,DEF,Defense,2024,1,65647642.21744143919
802,DEF,Defense,2024,4,65119479.14622830622
803,SMB,Small Business,2016,4,4312713.46719357766
803,SMB,Small Business,2017,3,5655184.83336649135
803,SMB,Small Business,2018,2,5844088.82617573317
803,SMB,Small Business,2019,1,5486292.39140981115
803,SMB,Small Business,2019,4,6183156.65475358987
803,SMB,Small Business,2020,3,13230424.74534876256
803,SMB,Small Business,2021,2,10814524.87971421889
803,SMB,Small Business,2022,1,11341913.44083717077
803,SMB,Small Business,2022,4,10864547.66824371085
803,SMB,Small Business,2023,3,9164347.78215372464
803,SMB,Small Business,2024,2,9577507.31494517387
804,DOC,District of Columbia,2011,4,221761.92204154386
804,DOC,District of Columbia,2012,3,323498.95382558615
809,TEC,Telecommunications,2013,3,24774398.94403228304
809,TEC,Telecommunications,2014,2,27233782.90846636016
809,TEC,Telecommunications,2015,1,26561922.07896417249
809,TEC,Telecommunications,2015,4,25762633.04540981837
809,TEC,Telecommunications,2016,3,25324606.05582249821
809,TEC,Telecommunications,2017,2,25249285.80891671704
809,TEC,Telecommunications,2018,1,29039623.34685592120
810,EDU,Education,2022,4,20247156.67670361970
810,EDU,Education,2023,3,21195923.57954625241
810,EDU,Education,2024,2,23110635.85460423702
811,TOB,Tobacco,2012,4,2982614.22095682090
811,TOB,Tobacco,2013,3,3130333.97204184698
811,TOB,Tobacco,2014,2,3402269.19084804076
811,TOB,Tobacco,2015,1,2680725.43189033184
811,TOB,Tobacco,2015,4,3296356.08791208786
811,TOB,Tobacco,2016,3,2888538.99029304021
811,TOB,Tobacco,2017,2,4638807.81443833934
811,TOB,Tobacco,2018,1,4314761.95912698405
811,TOB,Tobacco,2018,4,5217621.28732933720
811,TOB,Tobacco,2019,3,6501942.25522908449
811,TOB,Tobacco,2020,2,5957343.05678308606
811,TOB,Tobacco,2021,1,5674326.95338944672
812,ENG,Energy/Nuclear,2010,2,55417629.23270010403
812,ENG,Energy/Nuclear,2011,1,51853489.04975471396
813,TOR,Torts,2015,4,3874085.60873533062
813,TOR,Torts,2016,3,4640493.79838494830
813,TOR,Torts,2017,2,5096269.73419662764
813,TOR,Torts,2018,1,4792279.37839963880
813,TOR,Torts,2018,4,4220442.82506265652
813,TOR,Torts,2019,3,2263439.22515569219
813,TOR,Torts,2020,2,4329020.07109929763
813,TOR,Torts,2021,1,3404955.31409538165
813,TOR,Torts,2021,4,2854548.25028820929
813,TOR,Torts,2022,3,2987482.44755344661
813,TOR,Torts,2023,2,2232907.01059941515
813,TOR,Torts,2024,1,2259919.33641395150
813,TOR,Torts,2024,4,2267453.12109203051
814,ENV,Environmental/Superfund,2010,2,35862809.47720160209
814,ENV,Environmental/Superfund,2011,1,29507226.60596031850
814,ENV,Environmental/Superfund,2011,4,27742173.25661746637
814,ENV,Environmental/Superfund,2012,3,24160966.60289037581
814,ENV,Environmental/Superfund,2013,2,22315831.35376895497
814,ENV,Environmental/Superfund,2014,1,22587438.53722170849
815,TRD,Trade (Domestic & Foreign),2021,4,49704997.70455736883
815,TRD,Trade (Domestic & Foreign),2022,3,49887292.90757566294
815,TRD,Trade (Domestic & Foreign),2023,2,53961030.83532584695
815,TRD,Trade (Domestic & Foreign),2024,1,60687108.68584744321
815,TRD,Trade (Domestic & Foreign),2024,4,57908642.96371849587
816,FAM,Family Issues/Abortion/Adoption,2010,2,726904.66336710658
816,FAM,Family Issues/Abortion/Adoption,2011,1,1022624.36906812845
816,FAM,Family Issues/Abortion/Adoption,2011,4,879358.83663572155
816,FAM,Family Issues/Abortion/Adoption,2012,3,692507.79711387671
816,FAM,Family Issues/Abortion/Adoption,2013,2,767834.13540453916
816,FAM,Family Issues/Abortion/Adoption,2014,1,677631.05360356007
816,FAM,Family Issues/Abortion/Adoption,2014,4,637088.42913502357
816,FAM,Family Issues/Abortion/Adoption,2015,3,856672.92867377707
816,FAM,Family Issues/Abortion/Adoption,2016,2,965311.66944974517
816,FAM,Family Issues/Abortion/Adoption,2017,1,829069.18130072534
816,FAM,Family Issues/Abortion/Adoption,2017,4,705583.04595090468
816,FAM,Family Issues/Abortion/Adoption,2018,3,655238.94705882345
824,FOR,Foreign Relations,2016,2,11708489.34626084227
824,FOR,Foreign Relations,2017,1,11899436.73409099039
824,FOR,Foreign Relations,2017,4,20797012.09712750556
824,FOR,Foreign Relations,2018,3,19304059.59958796675
824,FOR,Foreign Relations,2019,2,17531721.98013060282
824,FOR,Foreign Relations,2020,1,11534014.93597127768
826,FUE,Fuel/Gas/Oil,2010,1,5165148.55950693071
827,UTI,Utilities,2017,4,3867877.98095425796
827,UTI,Utilities,2018,3,4465498.89802746254
827,UTI,Utilities,2019,2,4032932.38807296687
827,UTI,Utilities,2020,1,4067873.39670221364
827,UTI,Utilities,2020,4,3475981.53759573752
827,UTI,Utilities,2021,3,3756516.89743589730
827,UTI,Utilities,2022,2,3586637.29495341247
827,UTI,Utilities,2023,1,4415380.35242535224
827,UTI,Utilities,2023,4,3773342.16434219354
827,UTI,Utilities,2024,3,3689304.98293081167
828,GAM,Gaming/Gambling/Casino,2020,4,2025887.25763125757
828,GAM,Gaming/Gambling/Casino,2021,3,2135080.37728937724
828,GAM,Gaming/Gambling/Casino,2022,2,2120973.71062271058
828,GAM,Gaming/Gambling/Casino,2023,1,2126955.28571428567
828,GAM,Gaming/Gambling/Casino,2023,4,2265784.76190476185
828,GAM,Gaming/Gambling/Casino,2024,3,2194177.20634920629
829,VET,Veterans,2010,1,4410981.16655063360
829,VET,Veterans,2010,4,4015163.38136299513
829,VET,Veterans,2011,3,4884640.02499820409
829,VET,Veterans,2012,2,5680546.22033982166
829,VET,Veterans,2013,1,5088449.06532978372
829,VET,Veterans,2013,4,5153603.63772456973
829,VET,Veterans,2014,3,8534046.29457532770
829,VET,Veterans,2015,2,6192467.11422114994
829,VET,Veterans,2016,1,7398636.85883633868
829,VET,Veterans,2016,4,6506245.61898345423
829,VET,Veterans,2017,3,8398625.12087406018
829,VET,Veterans,2018,2,8650229.08211510658
829,VET,Veterans,2019,1,8534219.47731157687
830,GOV,Government Issues,2010,4,15118382.09299328055
830,GOV,Government Issues,2011,3,13305841.94947335011
830,GOV,Government Issues,2012,2,15474191.73226943273
830,GOV,Government Issues,2013,1,14942125.46547347548
830,GOV,Government Issues,2013,4,13220448.00193513523
830,GOV,Government Issues,2014,3,12784410.50339616626
830,GOV,Government Issues,2015,2,13761018.33452078467
830,GOV,Government Issues,2016,1,13766576.60445186238
830,GOV,Government Issues,2016,4,12592961.50436858779
830,GOV,Government Issues,2017,3,17470260.77148177401
830,GOV,Government Issues,2018,2,18236269.70254587508
830,GOV,Government Issues,2019,1,18345293.76562236445
830,GOV,Government Issues,2019,4,15789178.06130498916
830,GOV,Government Issues,2020,3,18154484.24582028903
830,GOV,Government Issues,2021,2,18347650.96940422489
830,GOV,Government Issues,2022,1,23180086.61447554178
832,HCR,Health Issues,2010,3,77100174.24836869604
832,HCR,Health Issues,2011,2,77491518.04167872986
832,HCR,Health Issues,2012,1,78208566.45220237389
833,WEL,Welfare,2019,4,643236.85673748032
833,WEL,Welfare,2020,3,729522.03184317622
833,WEL,Welfare,2021,2,709828.96716903825
833,WEL,Welfare,2022,1,606063.76783506026
833,WEL,Welfare,2022,4,731234.62098867346
833,WEL,Welfare,2023,3,796767.05299531376
833,WEL,Welfare,2024,2,776690.71930484965
274245,TAR,Tariff Bills,2010,1,4647555.55934614040
274245,TAR,Tariff Bills,2010,4,3852617.64573695984
816,FAM,Family Issues/Abortion/Adoption,2019,2,863685.83681077958
816,FAM,Family Issues/Abortion/Adoption,2020,1,881226.13009841890
818,FIR,Firearms/Guns/Ammunition,2014,4,2850870.18338534845
818,FIR,Firearms/Guns/Ammunition,2015,3,2698623.28659771595
818,FIR,Firearms/Guns/Ammunition,2016,2,3038370.11463234040
818,FIR,Firearms/Guns/Ammunition,2017,1,3279859.15970072236
818,FIR,Firearms/Guns/Ammunition,2017,4,2961739.18602749479
818,FIR,Firearms/Guns/Ammunition,2018,3,3135326.54606676000
818,FIR,Firearms/Guns/Ammunition,2019,2,3549630.80704733772
818,FIR,Firearms/Guns/Ammunition,2020,1,3315255.27157102151
818,FIR,Firearms/Guns/Ammunition,2020,4,3641786.57165641368
818,FIR,Firearms/Guns/Ammunition,2021,3,4256497.76723537893
818,FIR,Firearms/Guns/Ammunition,2022,2,4594056.48743656145
818,FIR,Firearms/Guns/Ammunition,2023,1,4714726.09527727170
818,FIR,Firearms/Guns/Ammunition,2023,4,3505190.78781512599
818,FIR,Firearms/Guns/Ammunition,2024,3,3286109.68831168827
819,TOU,Travel/Tourism,2010,1,2055819.44444444433
819,TOU,Travel/Tourism,2010,4,2361910.34732664985
819,TOU,Travel/Tourism,2011,3,1645313.49206349196
819,TOU,Travel/Tourism,2012,2,1973198.33646083635
819,TOU,Travel/Tourism,2013,1,1481580.00144300139
820,FIN,Financial Institutions/Investments/Securities,2020,4,35728731.77162340917
820,FIN,Financial Institutions/Investments/Securities,2021,3,38777547.92275849433
820,FIN,Financial Institutions/Investments/Securities,2022,2,43852570.76199909949
820,FIN,Financial Institutions/Investments/Securities,2023,1,50919793.17288792381
820,FIN,Financial Institutions/Investments/Securities,2023,4,52160344.15974331715
820,FIN,Financial Institutions/Investments/Securities,2024,3,52957277.93903423116
821,TRU,Trucking/Shipping,2010,1,2066556.28814269141
821,TRU,Trucking/Shipping,2010,4,2516492.39851394838
821,TRU,Trucking/Shipping,2011,3,2364652.27200854689
821,TRU,Trucking/Shipping,2012,2,1848995.19274193227
821,TRU,Trucking/Shipping,2013,1,1976004.89887511858
821,TRU,Trucking/Shipping,2013,4,1830624.10976132561
821,TRU,Trucking/Shipping,2014,3,2315410.54560214456
821,TRU,Trucking/Shipping,2015,2,2997325.60964917424
821,TRU,Trucking/Shipping,2016,1,2376846.79303158704
821,TRU,Trucking/Shipping,2016,4,1999127.98827855143
821,TRU,Trucking/Shipping,2017,3,2113655.04300231918
821,TRU,Trucking/Shipping,2018,2,2296375.52552349596
821,TRU,Trucking/Shipping,2019,1,2242398.26565191067
823,URB,Urban Development/Municipalities,2013,4,1283868.63080763060
823,URB,Urban Development/Municipalities,2014,3,1366787.27660324153
823,URB,Urban Development/Municipalities,2015,2,1276602.91383812255
823,URB,Urban Development/Municipalities,2016,1,1436637.76477957870
823,URB,Urban Development/Municipalities,2016,4,1530252.05349552391
823,URB,Urban Development/Municipalities,2017,3,1638623.69712743377
823,URB,Urban Development/Municipalities,2018,2,1971227.41301023516
823,URB,Urban Development/Municipalities,2019,1,1901949.57613309615
823,URB,Urban Development/Municipalities,2019,4,2027840.05749805737
823,URB,Urban Development/Municipalities,2020,3,2122033.60599776545
823,URB,Urban Development/Municipalities,2021,2,2527827.38885252655
823,URB,Urban Development/Municipalities,2022,1,2698040.70202020181
274245,TAR,Tariff Bills,2011,3,1483040.17027743490
274245,TAR,Tariff Bills,2012,2,3201913.95817103791
274245,TAR,Tariff Bills,2013,1,3114504.78094211830
274245,TAR,Tariff Bills,2013,4,2043716.63698915454
274245,TAR,Tariff Bills,2014,3,2175516.53619305802
274245,TAR,Tariff Bills,2015,2,1868358.31176659590
274245,TAR,Tariff Bills,2016,1,2471272.15821215811
274245,TAR,Tariff Bills,2016,4,1515423.41228216219
274245,TAR,Tariff Bills,2017,3,1363245.86480186469
274245,TAR,Tariff Bills,2018,2,4395598.45457875433
274245,TAR,Tariff Bills,2019,1,3568719.67203907178
804,DOC,District of Columbia,2013,2,264366.06535947709
804,DOC,District of Columbia,2014,1,194992.53909774434
804,DOC,District of Columbia,2014,4,135972.07054263565
804,DOC,District of Columbia,2015,3,490355.89392551889
804,DOC,District of Columbia,2016,2,359318.33606744128
804,DOC,District of Columbia,2017,1,93927.47252747250
804,DOC,District of Columbia,2017,4,108999.03474903472
804,DOC,District of Columbia,2018,3,76340.33613445376
804,DOC,District of Columbia,2019,2,163632.96900660311
804,DOC,District of Columbia,2020,1,184650.76107596103
804,DOC,District of Columbia,2020,4,455297.20311714427
804,DOC,District of Columbia,2021,3,304644.49523809522
804,DOC,District of Columbia,2022,2,179949.82661782659
804,DOC,District of Columbia,2023,1,134730.55020469725
805,SPO,Sports/Athletics,2010,3,847974.09861380444
805,SPO,Sports/Athletics,2011,2,518977.95873015871
805,SPO,Sports/Athletics,2012,1,453578.91111111108
805,SPO,Sports/Athletics,2012,4,646988.66539483904
805,SPO,Sports/Athletics,2013,3,466378.51802641799
805,SPO,Sports/Athletics,2014,2,713317.72326562321
805,SPO,Sports/Athletics,2015,1,801167.73211233206
805,SPO,Sports/Athletics,2015,4,754609.96261793756
805,SPO,Sports/Athletics,2016,3,1138485.96527777774
805,SPO,Sports/Athletics,2017,2,994174.85416666664
805,SPO,Sports/Athletics,2018,1,1021999.67948717945
806,DIS,Disaster Planning/Emergencies,2010,1,2846911.97167582324
806,DIS,Disaster Planning/Emergencies,2010,4,2631431.08049270974
806,DIS,Disaster Planning/Emergencies,2011,3,3006432.79895411587
806,DIS,Disaster Planning/Emergencies,2012,2,2637620.12285061402
806,DIS,Disaster Planning/Emergencies,2013,1,3929653.83114720474
808,ECN,Economics/Economic Development,2020,4,8045923.72173977481
808,ECN,Economics/Economic Development,2021,3,6493390.36229243694
808,ECN,Economics/Economic Development,2022,2,7594429.42566437289
808,ECN,Economics/Economic Development,2023,1,7235974.61021408540
808,ECN,Economics/Economic Development,2023,4,6867751.62035180536
808,ECN,Economics/Economic Development,2024,3,6039793.87887770076
809,TEC,Telecommunications,2018,4,29679052.38140029837
809,TEC,Telecommunications,2019,3,32608130.59015524312
809,TEC,Telecommunications,2020,2,30569874.07614017113
809,TEC,Telecommunications,2021,1,33602438.76533801004
809,TEC,Telecommunications,2021,4,36302992.66320753316
809,TEC,Telecommunications,2022,3,32765531.68842828770
809,TEC,Telecommunications,2023,2,33320660.52241733041
809,TEC,Telecommunications,2024,1,34745140.49410264815
809,TEC,Telecommunications,2024,4,32145704.62216136824
810,EDU,Education,2013,4,17547048.70283364304
810,EDU,Education,2014,3,17379113.98986117157
810,EDU,Education,2015,2,19122073.84692203975
810,EDU,Education,2016,1,17356210.78174024274
810,EDU,Education,2016,4,16676362.22084679885
810,EDU,Education,2017,3,16699878.07376341883
810,EDU,Education,2018,2,19452070.83219559397
810,EDU,Education,2019,1,19083827.99861323818
810,EDU,Education,2019,4,17190372.38746505602
810,EDU,Education,2020,3,17175920.24890576541
810,EDU,Education,2021,2,19522616.18250827744
810,EDU,Education,2022,1,21711827.33251092031
811,TOB,Tobacco,2010,2,4300887.89439775902
811,TOB,Tobacco,2011,1,3231593.30854700848
817,TRA,Transportation,2021,2,40669150.15132029482
817,TRA,Transportation,2022,1,41246879.46027918618
817,TRA,Transportation,2022,4,40757111.80154152138
817,TRA,Transportation,2023,3,40023278.77284884770
817,TRA,Transportation,2024,2,39878547.75424032405
818,FIR,Firearms/Guns/Ammunition,2022,4,3996075.67124289102
818,FIR,Firearms/Guns/Ammunition,2023,3,3982149.38095238090
818,FIR,Firearms/Guns/Ammunition,2024,2,4966932.68691112803
819,TOU,Travel/Tourism,2010,3,2036336.01443001431
819,TOU,Travel/Tourism,2011,2,1455663.19081035912
819,TOU,Travel/Tourism,2012,1,1861061.51584025721
819,TOU,Travel/Tourism,2012,4,1939746.77680277674
819,TOU,Travel/Tourism,2013,3,1384456.75635475628
819,TOU,Travel/Tourism,2014,2,2251746.93720943129
819,TOU,Travel/Tourism,2015,1,2087397.92640692630
819,TOU,Travel/Tourism,2015,4,2034499.61038961030
819,TOU,Travel/Tourism,2016,3,1755577.51248751240
819,TOU,Travel/Tourism,2017,2,1971313.15386584732
819,TOU,Travel/Tourism,2018,1,2099450.29292929280
819,TOU,Travel/Tourism,2018,4,1931371.75324675317
819,TOU,Travel/Tourism,2019,3,1925576.98298777235
819,TOU,Travel/Tourism,2020,2,2965913.97943722927
819,TOU,Travel/Tourism,2021,1,2789314.48458485949
820,FIN,Financial Institutions/Investments/Securities,2012,4,39242896.36516901776
820,FIN,Financial Institutions/Investments/Securities,2013,3,36736641.20064895169
820,FIN,Financial Institutions/Investments/Securities,2014,2,35279366.76111445139
820,FIN,Financial Institutions/Investments/Securities,2015,1,36026259.13466729710
820,FIN,Financial Institutions/Investments/Securities,2015,4,35822027.69218643341
820,FIN,Financial Institutions/Investments/Securities,2016,3,34310025.89584946813
820,FIN,Financial Institutions/Investments/Securities,2017,2,33287101.45894131806
820,FIN,Financial Institutions/Investments/Securities,2018,1,36292350.23756436406
820,FIN,Financial Institutions/Investments/Securities,2018,4,34523410.98247158682
820,FIN,Financial Institutions/Investments/Securities,2019,3,33432007.34089487157
820,FIN,Financial Institutions/Investments/Securities,2020,2,36050741.73038723113
820,FIN,Financial Institutions/Investments/Securities,2021,1,35903151.11767609715
820,FIN,Financial Institutions/Investments/Securities,2021,4,41541524.28105687942
820,FIN,Financial Institutions/Investments/Securities,2022,3,46586800.92628080216
820,FIN,Financial Institutions/Investments/Securities,2023,2,46103537.69202396134
820,FIN,Financial Institutions/Investments/Securities,2024,1,53808996.25994156036
821,TRU,Trucking/Shipping,2010,2,2199583.62021494002
821,TRU,Trucking/Shipping,2011,1,2081006.59345416225
822,FOO,"Food Industry (Safety, Labeling, etc.)",2010,2,9530860.99216478940
822,FOO,"Food Industry (Safety, Labeling, etc.)",2011,1,7010470.35814521894
822,FOO,"Food Industry (Safety, Labeling, etc.)",2011,4,6552858.74847648818
822,FOO,"Food Industry (Safety, Labeling, etc.)",2012,3,5400895.86499253760
822,FOO,"Food Industry (Safety, Labeling, etc.)",2013,2,6361692.08188302891
822,FOO,"Food Industry (Safety, Labeling, etc.)",2014,1,6685517.20190556719
823,URB,Urban Development/Municipalities,2021,4,2712696.67171717153
823,URB,Urban Development/Municipalities,2022,3,2843801.01010100988
823,URB,Urban Development/Municipalities,2023,2,2914508.18889998866
823,URB,Urban Development/Municipalities,2013,1,1299012.27256340126
824,FOR,Foreign Relations,2012,4,13094640.73171445809
824,FOR,Foreign Relations,2013,3,13936092.70768395655
824,FOR,Foreign Relations,2014,2,12985633.16581934021
824,FOR,Foreign Relations,2015,1,11495659.18853038912
824,FOR,Foreign Relations,2015,4,11651166.03926381459
824,FOR,Foreign Relations,2016,3,9479057.42999084221
824,FOR,Foreign Relations,2017,2,13882449.91922307752
824,FOR,Foreign Relations,2018,1,16295350.17307463733
824,FOR,Foreign Relations,2018,4,22774398.60217331646
824,FOR,Foreign Relations,2019,3,28360970.82825787005
824,FOR,Foreign Relations,2020,2,10357372.72964774267
824,FOR,Foreign Relations,2021,1,10794614.86079933105
824,FOR,Foreign Relations,2021,4,10639629.18040533277
824,FOR,Foreign Relations,2022,3,11223052.69262496056
824,FOR,Foreign Relations,2023,2,17485450.19165415818
824,FOR,Foreign Relations,2024,1,15823651.14190507682
825,UNM,Unemployment,2010,1,990223.79728091819
825,UNM,Unemployment,2010,4,1844163.07005070944
825,UNM,Unemployment,2011,3,411187.03677531609
825,UNM,Unemployment,2012,2,320970.02568595307
825,UNM,Unemployment,2013,1,194225.40562564862
825,UNM,Unemployment,2013,4,405059.25500010492
825,UNM,Unemployment,2014,3,48053.17853464360
825,UNM,Unemployment,2015,2,24564.02829188352
825,UNM,Unemployment,2016,1,45007.73616734140
825,UNM,Unemployment,2016,4,38652.17715617714
825,UNM,Unemployment,2017,3,57122.25175983435
825,UNM,Unemployment,2018,2,61689.50476190474
825,UNM,Unemployment,2019,1,95871.90277777777
826,FUE,Fuel/Gas/Oil,2018,4,5787005.38283872967
826,FUE,Fuel/Gas/Oil,2019,3,6387071.65881632966
826,FUE,Fuel/Gas/Oil,2020,2,5787171.83106174850
826,FUE,Fuel/Gas/Oil,2021,1,5518143.50768675749
826,FUE,Fuel/Gas/Oil,2021,4,6600335.71984681965
826,FUE,Fuel/Gas/Oil,2022,3,6044132.74755701790
826,FUE,Fuel/Gas/Oil,2023,2,7156723.98906514035
826,FUE,Fuel/Gas/Oil,2024,1,7667648.55687645661
826,FUE,Fuel/Gas/Oil,2024,4,6842237.83443202125
827,UTI,Utilities,2013,4,3568906.44537292759
827,UTI,Utilities,2014,3,3453362.88293373279
827,UTI,Utilities,2015,2,3435054.94659980522
827,UTI,Utilities,2016,1,3920310.74163614144
827,UTI,Utilities,2016,4,3486975.31798063028
827,UTI,Utilities,2017,3,4108588.23167804394
827,UTI,Utilities,2018,2,4433876.54465305916
827,UTI,Utilities,2019,1,3649795.89321789306
827,UTI,Utilities,2019,4,3649772.80026949779
827,UTI,Utilities,2020,3,3119358.79115329100
827,UTI,Utilities,2021,2,3392917.63203463191
827,UTI,Utilities,2022,1,3661622.53226924416
827,UTI,Utilities,2022,4,3788924.75413475396
827,UTI,Utilities,2023,3,3529697.27902685532
827,UTI,Utilities,2024,2,3772788.64476897351
828,GAM,Gaming/Gambling/Casino,2024,4,2253658.42857142851
829,VET,Veterans,2019,4,8387036.13999276430
829,VET,Veterans,2020,3,7867387.89558659373
829,VET,Veterans,2021,2,7586598.97767016724
829,VET,Veterans,2022,1,7980009.21658019429
829,VET,Veterans,2022,4,9922632.12266891639
829,VET,Veterans,2023,3,9927270.17880122151
829,VET,Veterans,2024,2,12498004.93471715710
830,GOV,Government Issues,2010,1,12340465.35297941777
831,WAS,Waste (hazardous/solid/interstate/nuclear),2022,4,1599363.59999999993
823,URB,Urban Development/Municipalities,2022,4,2727891.18867243849
823,URB,Urban Development/Municipalities,2023,3,2942059.60750360725
823,URB,Urban Development/Municipalities,2024,2,3275384.12554112526
824,FOR,Foreign Relations,2010,3,9332212.71063936025
824,FOR,Foreign Relations,2011,2,12144625.57394226817
824,FOR,Foreign Relations,2012,1,12236902.08090412282
825,UNM,Unemployment,2019,4,80420.36248196247
825,UNM,Unemployment,2020,3,2878927.57328195905
825,UNM,Unemployment,2021,2,1725090.86307416847
825,UNM,Unemployment,2022,1,1402861.26826156295
825,UNM,Unemployment,2022,4,2074938.58201798200
825,UNM,Unemployment,2023,3,245603.07603507600
825,UNM,Unemployment,2024,2,292383.34476634471
826,FUE,Fuel/Gas/Oil,2010,3,7101794.54704265961
826,FUE,Fuel/Gas/Oil,2011,2,7223711.38180312086
826,FUE,Fuel/Gas/Oil,2012,1,7098692.73671975583
826,FUE,Fuel/Gas/Oil,2012,4,6302518.52913110823
826,FUE,Fuel/Gas/Oil,2013,3,7138073.11506300682
826,FUE,Fuel/Gas/Oil,2014,2,6124978.14062514681
826,FUE,Fuel/Gas/Oil,2015,1,6882133.91313114960
826,FUE,Fuel/Gas/Oil,2015,4,6025772.26552124318
826,FUE,Fuel/Gas/Oil,2016,3,5276974.38878458117
826,FUE,Fuel/Gas/Oil,2017,2,5280195.78061799286
826,FUE,Fuel/Gas/Oil,2018,1,6485356.51203335961
828,GAM,Gaming/Gambling/Casino,2012,4,4705422.55352605344
828,GAM,Gaming/Gambling/Casino,2013,3,4236489.97735597726
828,GAM,Gaming/Gambling/Casino,2014,2,3587859.27652044707
828,GAM,Gaming/Gambling/Casino,2015,1,3089450.44832944821
828,GAM,Gaming/Gambling/Casino,2015,4,3642551.99051928454
828,GAM,Gaming/Gambling/Casino,2016,3,3099169.04986318023
828,GAM,Gaming/Gambling/Casino,2017,2,2935387.79059829056
828,GAM,Gaming/Gambling/Casino,2018,1,2707098.36202686197
828,GAM,Gaming/Gambling/Casino,2018,4,2869622.23382173378
828,GAM,Gaming/Gambling/Casino,2019,3,2810657.43284493277
828,GAM,Gaming/Gambling/Casino,2020,2,2253743.97191697185
828,GAM,Gaming/Gambling/Casino,2021,1,2184547.92429792423
828,GAM,Gaming/Gambling/Casino,2021,4,1987007.71062271056
828,GAM,Gaming/Gambling/Casino,2022,3,2016647.71062271060
828,GAM,Gaming/Gambling/Casino,2023,2,2123584.09523809520
828,GAM,Gaming/Gambling/Casino,2024,1,2273192.33333333326
829,VET,Veterans,2010,2,4764876.85844568602
829,VET,Veterans,2011,1,4205963.99390803086
830,GOV,Government Issues,2018,4,19530839.02556607393
830,GOV,Government Issues,2019,3,16600575.90363860354
830,GOV,Government Issues,2020,2,17504288.56734492016
830,GOV,Government Issues,2021,1,17365961.48508009824
830,GOV,Government Issues,2021,4,21029787.10427695988
830,GOV,Government Issues,2022,3,20156711.35765525002
830,GOV,Government Issues,2023,2,18226032.22050523212
830,GOV,Government Issues,2024,1,18656926.06173730170
830,GOV,Government Issues,2024,4,15784437.30754163293
831,WAS,Waste (hazardous/solid/interstate/nuclear),2010,2,2676117.22718213147
831,WAS,Waste (hazardous/solid/interstate/nuclear),2011,1,1657675.07649156391
831,WAS,Waste (hazardous/solid/interstate/nuclear),2011,4,1707680.87718012972
831,WAS,Waste (hazardous/solid/interstate/nuclear),2012,3,1963176.45494408962
831,WAS,Waste (hazardous/solid/interstate/nuclear),2013,2,1462582.07014097004
831,WAS,Waste (hazardous/solid/interstate/nuclear),2014,1,1848998.13275638750
824,FOR,Foreign Relations,2024,2,13264518.70750660975
825,UNM,Unemployment,2010,3,572394.62995686797
825,UNM,Unemployment,2011,2,628577.97661008577
825,UNM,Unemployment,2012,1,408213.08085908079
825,UNM,Unemployment,2012,4,418620.80209582291
825,UNM,Unemployment,2013,3,78602.54079254076
825,UNM,Unemployment,2014,2,172962.79724197364
825,UNM,Unemployment,2015,1,23480.91230338286
826,FUE,Fuel/Gas/Oil,2022,4,5773867.16314314317
826,FUE,Fuel/Gas/Oil,2023,3,6614420.81780233100
826,FUE,Fuel/Gas/Oil,2024,2,7550990.00115733916
827,UTI,Utilities,2010,3,6291179.24398986004
827,UTI,Utilities,2011,2,3385177.63667407446
827,UTI,Utilities,2012,1,4806803.23707403690
827,UTI,Utilities,2012,4,3160730.93262760613
827,UTI,Utilities,2013,3,3345515.95440441891
827,UTI,Utilities,2014,2,3386762.02538353784
827,UTI,Utilities,2015,1,3707088.86124724930
827,UTI,Utilities,2015,4,3428276.37571317552
827,UTI,Utilities,2016,3,3285354.67889749124
827,UTI,Utilities,2017,2,3797053.38224969456
827,UTI,Utilities,2018,1,4281939.07559434011
827,UTI,Utilities,2018,4,4443701.17033293487
827,UTI,Utilities,2019,3,4191217.42663301594
827,UTI,Utilities,2020,2,3570614.82912642898
827,UTI,Utilities,2021,1,3219396.04459984451
829,VET,Veterans,2015,4,5940720.82478909944
829,VET,Veterans,2016,3,7366263.64528746064
829,VET,Veterans,2017,2,8257521.37368640087
829,VET,Veterans,2018,1,8585402.55530058134
829,VET,Veterans,2018,4,8808958.76998491649
829,VET,Veterans,2019,3,8244121.42756512440
829,VET,Veterans,2020,2,8575958.32433675654
829,VET,Veterans,2021,1,8640894.90441829367
829,VET,Veterans,2021,4,8477385.08781451556
829,VET,Veterans,2022,3,9274114.61860393249
829,VET,Veterans,2023,2,10962858.25119731094
829,VET,Veterans,2024,1,11619403.48992538715
829,VET,Veterans,2024,4,12200236.45456874520
830,GOV,Government Issues,2010,2,14104788.32711134528
830,GOV,Government Issues,2011,1,14614177.31633495115
830,GOV,Government Issues,2011,4,14266887.37137095614
830,GOV,Government Issues,2012,3,15293983.25954415009
830,GOV,Government Issues,2013,2,13032709.48961628269
830,GOV,Government Issues,2014,1,14121470.51479229911
831,WAS,Waste (hazardous/solid/interstate/nuclear),2021,4,1436712.83722943714
831,WAS,Waste (hazardous/solid/interstate/nuclear),2022,3,1591261.90187590177
831,WAS,Waste (hazardous/solid/interstate/nuclear),2023,2,1233166.46017316013
831,WAS,Waste (hazardous/solid/interstate/nuclear),2024,1,1413714.67877846785
831,WAS,Waste (hazardous/solid/interstate/nuclear),2024,4,1197190.35213675206
832,HCR,Health Issues,2010,2,80570451.36072505571
832,HCR,Health Issues,2011,1,80058448.83493423075
832,HCR,Health Issues,2011,4,78455177.03297678939
832,HCR,Health Issues,2012,3,72074906.13560592222
832,HCR,Health Issues,2013,2,71384471.25886228548
832,HCR,Health Issues,2014,1,72352238.27408109294
832,HCR,Health Issues,2014,4,68554147.41596166468
832,HCR,Health Issues,2015,3,69173450.62040943863
832,HCR,Health Issues,2016,2,72867935.37349973979
832,HCR,Health Issues,2017,1,88807465.61709541102
832,HCR,Health Issues,2017,4,82355962.08571959326
832,HCR,Health Issues,2018,3,81708504.01541545641
832,HCR,Health Issues,2019,2,85936962.08900148799
823,URB,Urban Development/Municipalities,2024,1,3102615.95959595934
823,URB,Urban Development/Municipalities,2024,4,2620400.05832488783
824,FOR,Foreign Relations,2024,4,12469224.38369946054
825,UNM,Unemployment,2011,4,550390.25557684198
825,UNM,Unemployment,2012,3,236490.81475094947
825,UNM,Unemployment,2013,2,110815.28430531882
825,UNM,Unemployment,2014,1,378556.29131224804
825,UNM,Unemployment,2014,4,16708.04433550942
825,UNM,Unemployment,2015,3,22471.60256410254
825,UNM,Unemployment,2016,2,41805.54937080459
825,UNM,Unemployment,2017,1,29629.99523809522
825,UNM,Unemployment,2017,4,58035.98304711346
825,UNM,Unemployment,2018,3,26684.24751718867
825,UNM,Unemployment,2019,2,77704.40793482466
825,UNM,Unemployment,2020,1,1583697.10090280084
825,UNM,Unemployment,2020,4,2436341.99612805484
825,UNM,Unemployment,2021,3,2233880.13700226496
825,UNM,Unemployment,2022,2,1435624.04300144296
825,UNM,Unemployment,2023,1,458034.97101290518
826,FUE,Fuel/Gas/Oil,2014,4,6701921.78091559574
826,FUE,Fuel/Gas/Oil,2015,3,6182601.24405389901
826,FUE,Fuel/Gas/Oil,2016,2,5150623.93051344056
826,FUE,Fuel/Gas/Oil,2017,1,6534642.15499777978
826,FUE,Fuel/Gas/Oil,2017,4,5354786.84800828235
826,FUE,Fuel/Gas/Oil,2018,3,5663858.78272978839
826,FUE,Fuel/Gas/Oil,2019,2,6445666.87740216351
826,FUE,Fuel/Gas/Oil,2020,1,6920759.47414529894
826,FUE,Fuel/Gas/Oil,2020,4,5640081.06433590039
826,FUE,Fuel/Gas/Oil,2021,3,6210807.15595588600
826,FUE,Fuel/Gas/Oil,2022,2,6587367.02812857054
826,FUE,Fuel/Gas/Oil,2023,1,6883349.42566135845
826,FUE,Fuel/Gas/Oil,2023,4,7076549.26318779234
826,FUE,Fuel/Gas/Oil,2024,3,7021803.45305968514
827,UTI,Utilities,2010,1,10284687.81836790640
827,UTI,Utilities,2010,4,8232324.22386502365
827,UTI,Utilities,2011,3,3362628.32304639788
827,UTI,Utilities,2012,2,3414455.91853114186
827,UTI,Utilities,2013,1,3218426.30821108701
828,GAM,Gaming/Gambling/Casino,2010,1,5105910.23529411755
828,GAM,Gaming/Gambling/Casino,2010,4,5905971.22851245749
828,GAM,Gaming/Gambling/Casino,2011,3,5021979.74712107056
828,GAM,Gaming/Gambling/Casino,2012,2,5248135.99319299311
828,GAM,Gaming/Gambling/Casino,2013,1,3225935.07814407806
828,GAM,Gaming/Gambling/Casino,2013,4,3536976.33796922021
828,GAM,Gaming/Gambling/Casino,2014,3,3486265.69430569424
828,GAM,Gaming/Gambling/Casino,2015,2,3259781.38502673786
828,GAM,Gaming/Gambling/Casino,2016,1,3586170.22712478431
829,VET,Veterans,2023,4,9762598.93122814957
829,VET,Veterans,2024,3,12173336.25532488612
830,GOV,Government Issues,2023,4,17878082.41900424900
830,GOV,Government Issues,2024,3,15777570.56862906468
831,WAS,Waste (hazardous/solid/interstate/nuclear),2013,4,1900131.24386757025
831,WAS,Waste (hazardous/solid/interstate/nuclear),2014,3,1908099.52182262176
831,WAS,Waste (hazardous/solid/interstate/nuclear),2015,2,1854345.72743237144
831,WAS,Waste (hazardous/solid/interstate/nuclear),2016,1,1647746.89728979135
831,WAS,Waste (hazardous/solid/interstate/nuclear),2016,4,753477.87782927851
831,WAS,Waste (hazardous/solid/interstate/nuclear),2017,3,928669.75859557101
831,WAS,Waste (hazardous/solid/interstate/nuclear),2018,2,1536158.75399162233
831,WAS,Waste (hazardous/solid/interstate/nuclear),2019,1,914335.93339936797
814,ENV,Environmental/Superfund,2015,1,23955345.83772784087
814,ENV,Environmental/Superfund,2015,4,23134645.40782384839
814,ENV,Environmental/Superfund,2016,3,20739340.50232361412
814,ENV,Environmental/Superfund,2017,2,20617854.19221536202
814,ENV,Environmental/Superfund,2018,1,21942954.81166506478
815,TRD,Trade (Domestic & Foreign),2010,1,30553989.94971580834
815,TRD,Trade (Domestic & Foreign),2010,4,28468235.87630960372
815,TRD,Trade (Domestic & Foreign),2011,3,35147137.86514614428
815,TRD,Trade (Domestic & Foreign),2012,2,38047152.00076333012
815,TRD,Trade (Domestic & Foreign),2013,1,37389626.44468996974
817,TRA,Transportation,2023,4,42883310.11079795025
817,TRA,Transportation,2024,3,37653220.77364404311
818,FIR,Firearms/Guns/Ammunition,2018,4,3106976.54425411184
818,FIR,Firearms/Guns/Ammunition,2019,3,3988914.34002478416
818,FIR,Firearms/Guns/Ammunition,2020,2,4445216.10803738739
818,FIR,Firearms/Guns/Ammunition,2021,1,3882493.92845882179
818,FIR,Firearms/Guns/Ammunition,2021,4,3959355.45806807562
818,FIR,Firearms/Guns/Ammunition,2022,3,4148604.47112723870
818,FIR,Firearms/Guns/Ammunition,2023,2,4416651.95084971781
818,FIR,Firearms/Guns/Ammunition,2024,1,3733418.74350649346
818,FIR,Firearms/Guns/Ammunition,2024,4,3033634.18939393928
819,TOU,Travel/Tourism,2013,4,1509821.34776334766
819,TOU,Travel/Tourism,2014,3,2263310.38845598833
819,TOU,Travel/Tourism,2015,2,1768580.09126984118
819,TOU,Travel/Tourism,2016,1,1657921.23123123114
819,TOU,Travel/Tourism,2016,4,2103165.80519480505
819,TOU,Travel/Tourism,2017,3,1682584.10440316468
819,TOU,Travel/Tourism,2018,2,1959326.84932027025
819,TOU,Travel/Tourism,2019,1,2232522.04972804962
819,TOU,Travel/Tourism,2019,4,2068394.86230468483
819,TOU,Travel/Tourism,2020,3,2844643.39858527345
819,TOU,Travel/Tourism,2021,2,3702082.99937489399
819,TOU,Travel/Tourism,2022,1,4354528.93125691495
819,TOU,Travel/Tourism,2022,4,3571063.04689754677
819,TOU,Travel/Tourism,2023,3,3335123.81417112287
819,TOU,Travel/Tourism,2024,2,3423641.69826839812
820,FIN,Financial Institutions/Investments/Securities,2010,2,58508931.26824997064
820,FIN,Financial Institutions/Investments/Securities,2011,1,44334829.78564586410
820,FIN,Financial Institutions/Investments/Securities,2011,4,41792325.69698734175
820,FIN,Financial Institutions/Investments/Securities,2012,3,39476247.71504450471
820,FIN,Financial Institutions/Investments/Securities,2013,2,37639598.88420106647
820,FIN,Financial Institutions/Investments/Securities,2014,1,35629231.11856802382
820,FIN,Financial Institutions/Investments/Securities,2014,4,36188082.37163936031
820,FIN,Financial Institutions/Investments/Securities,2015,3,33969181.21648032825
820,FIN,Financial Institutions/Investments/Securities,2016,2,34416870.67119609381
820,FIN,Financial Institutions/Investments/Securities,2017,1,36686836.50290393233
820,FIN,Financial Institutions/Investments/Securities,2017,4,36388072.16884584697
820,FIN,Financial Institutions/Investments/Securities,2018,3,34843911.68105986264
820,FIN,Financial Institutions/Investments/Securities,2019,2,34017827.35470171497
820,FIN,Financial Institutions/Investments/Securities,2020,1,39015186.88562823081
821,TRU,Trucking/Shipping,2010,3,2550176.00937981091
821,TRU,Trucking/Shipping,2011,2,2330037.89891117640
832,HCR,Health Issues,2020,1,98343576.20041067560
833,WEL,Welfare,2024,4,681477.52677147405
274245,TAR,Tariff Bills,2015,4,1834364.16575091566
274245,TAR,Tariff Bills,2016,3,1324674.76759351752
274245,TAR,Tariff Bills,2017,2,1360952.31227106219
274245,TAR,Tariff Bills,2018,1,4690747.13412662583
274245,TAR,Tariff Bills,2018,4,3688178.48174048146
274245,TAR,Tariff Bills,2019,3,3498874.62213342194
274245,TAR,Tariff Bills,2020,2,2891007.81739087157
274245,TAR,Tariff Bills,2021,1,2607873.26637300586
274245,TAR,Tariff Bills,2021,4,2539682.28087990421
274245,TAR,Tariff Bills,2022,3,2336987.79542314392
274245,TAR,Tariff Bills,2023,2,2490847.05138762189
274245,TAR,Tariff Bills,2024,1,2533960.06975699728
274245,TAR,Tariff Bills,2024,4,2718140.11893926680
831,WAS,Waste (hazardous/solid/interstate/nuclear),2023,3,1214739.29870129865
831,WAS,Waste (hazardous/solid/interstate/nuclear),2024,2,1116722.67877385765
832,HCR,Health Issues,2010,1,93028926.90177200200
832,HCR,Health Issues,2010,4,76662485.20901285915
832,HCR,Health Issues,2011,3,75502578.29816249633
832,HCR,Health Issues,2012,2,77031967.39225939662
832,HCR,Health Issues,2013,1,76096162.28668243750
832,HCR,Health Issues,2013,4,73313489.12329988016
832,HCR,Health Issues,2014,3,68921960.31518447110
832,HCR,Health Issues,2015,2,71564018.89262127392
832,HCR,Health Issues,2016,1,71951934.60668092686
833,WEL,Welfare,2010,2,766970.98025366440
833,WEL,Welfare,2011,1,700001.25708954985
274245,TAR,Tariff Bills,2019,4,3463876.74853361626
274245,TAR,Tariff Bills,2020,3,2536218.95080894678
274245,TAR,Tariff Bills,2021,2,2659269.72245253507
274245,TAR,Tariff Bills,2022,1,2707145.22643124829
274245,TAR,Tariff Bills,2022,4,2253716.75673829936
274245,TAR,Tariff Bills,2023,3,2004230.11940318119
274245,TAR,Tariff Bills,2024,2,2279682.12245459205
831,WAS,Waste (hazardous/solid/interstate/nuclear),2014,4,1620399.77730467723
831,WAS,Waste (hazardous/solid/interstate/nuclear),2015,3,1953463.85062845644
831,WAS,Waste (hazardous/solid/interstate/nuclear),2016,2,1990558.68004517450
831,WAS,Waste (hazardous/solid/interstate/nuclear),2017,1,1292167.92648323894
832,HCR,Health Issues,2021,4,108455735.77772870553
832,HCR,Health Issues,2022,3,111782005.78417004393
832,HCR,Health Issues,2023,2,108500920.22494423463
832,HCR,Health Issues,2024,1,118192319.38048136110
832,HCR,Health Issues,2024,4,109004804.75897440896
833,WEL,Welfare,2011,4,776287.55176937308
833,WEL,Welfare,2012,3,589704.63373614683
833,WEL,Welfare,2013,2,412700.40623849826
833,WEL,Welfare,2014,1,389290.27261517715
833,WEL,Welfare,2014,4,399153.09257485174
833,WEL,Welfare,2015,3,516315.77645638670
833,WEL,Welfare,2016,2,728903.81139971135
833,WEL,Welfare,2017,1,1039495.61494061489
833,WEL,Welfare,2017,4,429420.38717783759
833,WEL,Welfare,2018,3,1195153.94516820391
833,WEL,Welfare,2019,2,851355.47548370081
833,WEL,Welfare,2020,1,682499.65004816146
274245,TAR,Tariff Bills,2010,2,3610719.39692667924
274245,TAR,Tariff Bills,2011,1,1933907.73898650363
831,WAS,Waste (hazardous/solid/interstate/nuclear),2019,4,1248976.86002885994
831,WAS,Waste (hazardous/solid/interstate/nuclear),2020,3,1039568.85497835487
831,WAS,Waste (hazardous/solid/interstate/nuclear),2021,2,1127099.45776723271
831,WAS,Waste (hazardous/solid/interstate/nuclear),2022,1,1567267.01107313731
832,HCR,Health Issues,2016,4,71148762.58747622077
832,HCR,Health Issues,2017,3,80362664.70898340895
832,HCR,Health Issues,2018,2,82873951.09153357145
832,HCR,Health Issues,2019,1,89252810.09324246368
832,HCR,Health Issues,2019,4,88715071.71390394054
832,HCR,Health Issues,2020,3,97561183.29900761390
832,HCR,Health Issues,2021,2,104860509.63682155790
832,HCR,Health Issues,2022,1,118103869.73391958042
832,HCR,Health Issues,2022,4,110072651.24164035829
832,HCR,Health Issues,2023,3,109192484.66159405889
832,HCR,Health Issues,2024,2,111295401.03559858507
833,WEL,Welfare,2010,3,763979.47912066000
833,WEL,Welfare,2011,2,641242.68001369970
833,WEL,Welfare,2012,1,442948.30809599752
833,WEL,Welfare,2012,4,548219.51842398634
833,WEL,Welfare,2013,3,490286.17764768763
833,WEL,Welfare,2014,2,437022.61782384277
833,WEL,Welfare,2015,1,467630.67203556669
274245,TAR,Tariff Bills,2023,4,2553293.29017926504
274245,TAR,Tariff Bills,2024,3,2034346.50263464593
811,TOB,Tobacco,2011,4,3653882.89038739031
811,TOB,Tobacco,2012,3,3704702.47910977902
811,TOB,Tobacco,2013,2,3053063.20778110771
811,TOB,Tobacco,2014,1,3343463.19109730843
811,TOB,Tobacco,2014,4,3141774.30186757679
811,TOB,Tobacco,2015,3,3358030.33809523803
811,TOB,Tobacco,2016,2,3334922.48612433310
811,TOB,Tobacco,2017,1,4319327.48412698403
812,ENG,Energy/Nuclear,2010,3,52435625.26413715606
812,ENG,Energy/Nuclear,2011,2,48526066.29526986687
812,ENG,Energy/Nuclear,2012,1,47541779.72231088850
813,TOR,Torts,2010,1,8042261.34591449309
814,ENV,Environmental/Superfund,2022,4,30520811.07272332848
814,ENV,Environmental/Superfund,2023,3,29811356.28852024341
814,ENV,Environmental/Superfund,2024,2,31077995.34889520777
815,TRD,Trade (Domestic & Foreign),2017,4,47463318.06432012689
815,TRD,Trade (Domestic & Foreign),2018,3,53301586.25961750099
815,TRD,Trade (Domestic & Foreign),2019,2,59053895.35103393206
815,TRD,Trade (Domestic & Foreign),2020,1,60230825.86101708345
815,TRD,Trade (Domestic & Foreign),2020,4,48518329.67899337464
815,TRD,Trade (Domestic & Foreign),2021,3,47692609.43796833500
815,TRD,Trade (Domestic & Foreign),2022,2,52312237.50702186886
815,TRD,Trade (Domestic & Foreign),2023,1,54741516.16716319539
815,TRD,Trade (Domestic & Foreign),2023,4,53733554.67945466797
815,TRD,Trade (Domestic & Foreign),2024,3,56084865.91818559158
816,FAM,Family Issues/Abortion/Adoption,2012,4,817390.58941546919
816,FAM,Family Issues/Abortion/Adoption,2013,3,865551.78361114277
816,FAM,Family Issues/Abortion/Adoption,2014,2,846222.75283605274
816,FAM,Family Issues/Abortion/Adoption,2015,1,853171.42817639867
816,FAM,Family Issues/Abortion/Adoption,2015,4,816809.42295702224
816,FAM,Family Issues/Abortion/Adoption,2016,3,813388.01653600012
816,FAM,Family Issues/Abortion/Adoption,2017,2,671619.37077542333
816,FAM,Family Issues/Abortion/Adoption,2018,1,669235.46130846270
816,FAM,Family Issues/Abortion/Adoption,2018,4,628512.51210847969
816,FAM,Family Issues/Abortion/Adoption,2019,3,566726.03006569447
816,FAM,Family Issues/Abortion/Adoption,2020,2,633813.57750831889
816,FAM,Family Issues/Abortion/Adoption,2021,1,862089.67644512338
816,FAM,Family Issues/Abortion/Adoption,2021,4,1369133.15710519259
816,FAM,Family Issues/Abortion/Adoption,2022,3,1381740.43916953350
816,FAM,Family Issues/Abortion/Adoption,2023,2,1603170.12719155616
816,FAM,Family Issues/Abortion/Adoption,2024,1,1282625.33443686168
817,TRA,Transportation,2010,1,33315566.36208948276
817,TRA,Transportation,2010,4,29182409.95044354424
817,TRA,Transportation,2011,3,30014644.91754275527
817,TRA,Transportation,2012,2,32720839.29404874296
817,TRA,Transportation,2013,1,26937607.98896424598
817,TRA,Transportation,2013,4,25748910.11317406735
817,TRA,Transportation,2014,3,29378287.35531561329
817,TRA,Transportation,2015,2,32547646.30540277384
817,TRA,Transportation,2016,1,31632739.39892137510
817,TRA,Transportation,2016,4,29480635.83581491805
817,TRA,Transportation,2017,3,31718834.07806804860
817,TRA,Transportation,2018,2,33802911.45256354206
817,TRA,Transportation,2019,1,34968199.06935279158
818,FIR,Firearms/Guns/Ammunition,2010,2,1088234.03876418985
818,FIR,Firearms/Guns/Ammunition,2011,1,980490.26568466992
821,TRU,Trucking/Shipping,2012,1,2013245.16300366290
821,TRU,Trucking/Shipping,2012,4,1922314.93880204751
821,TRU,Trucking/Shipping,2013,3,1659282.41792125993
821,TRU,Trucking/Shipping,2014,2,1864406.20265192311
821,TRU,Trucking/Shipping,2015,1,3089272.33902763895
822,FOO,"Food Industry (Safety, Labeling, etc.)",2010,1,9357658.24622820660
824,FOR,Foreign Relations,2020,4,10828251.63067631243
824,FOR,Foreign Relations,2021,3,10934536.17310526544
824,FOR,Foreign Relations,2022,2,11637728.73589800432
824,FOR,Foreign Relations,2023,1,12929842.55967659411
824,FOR,Foreign Relations,2023,4,13852945.52127294883
824,FOR,Foreign Relations,2024,3,12614730.49206786933
825,UNM,Unemployment,2015,4,22513.29395604393
825,UNM,Unemployment,2016,3,49493.92507492504
825,UNM,Unemployment,2017,2,32572.92214627476
825,UNM,Unemployment,2018,1,56790.61294261291
825,UNM,Unemployment,2018,4,28074.42857142855
825,UNM,Unemployment,2019,3,76087.91630591629
825,UNM,Unemployment,2020,2,1643748.33755011314
825,UNM,Unemployment,2021,1,1491998.95764237172
825,UNM,Unemployment,2021,4,1804528.22633477630
825,UNM,Unemployment,2022,3,2342348.22490842487
825,UNM,Unemployment,2023,2,414167.81302070771
825,UNM,Unemployment,2024,1,329206.43926833395
825,UNM,Unemployment,2024,4,223076.14646464642
826,FUE,Fuel/Gas/Oil,2010,4,6412436.96346699480
826,FUE,Fuel/Gas/Oil,2011,3,6329986.49864097855
826,FUE,Fuel/Gas/Oil,2012,2,6135340.80470476745
826,FUE,Fuel/Gas/Oil,2013,1,6954690.43888349727
826,FUE,Fuel/Gas/Oil,2013,4,7302349.68522397440
826,FUE,Fuel/Gas/Oil,2014,3,6176380.26859984130
826,FUE,Fuel/Gas/Oil,2015,2,5922732.36616863494
826,FUE,Fuel/Gas/Oil,2016,1,5498260.69792136801
826,FUE,Fuel/Gas/Oil,2016,4,5488171.71912387549
826,FUE,Fuel/Gas/Oil,2017,3,5693376.45912279990
826,FUE,Fuel/Gas/Oil,2018,2,5543159.63900225569
826,FUE,Fuel/Gas/Oil,2019,1,7117226.65362276326
826,FUE,Fuel/Gas/Oil,2019,4,6799265.11952144819
826,FUE,Fuel/Gas/Oil,2020,3,5225628.65233230802
826,FUE,Fuel/Gas/Oil,2021,2,5773019.37774725252
826,FUE,Fuel/Gas/Oil,2022,1,6717069.54383996612
827,UTI,Utilities,2010,2,7389001.35933788405
827,UTI,Utilities,2011,1,5008226.58096903080
827,UTI,Utilities,2011,4,3246991.23526288982
827,UTI,Utilities,2012,3,2767906.61057368541
827,UTI,Utilities,2013,2,3305396.03708922639
827,UTI,Utilities,2014,1,4304747.79167851105
827,UTI,Utilities,2014,4,2853960.52375957360
827,UTI,Utilities,2015,3,3242565.63238223745
827,UTI,Utilities,2016,2,3618188.38623598605
827,UTI,Utilities,2017,1,3768373.76880758114
828,GAM,Gaming/Gambling/Casino,2010,3,5680624.25951241726
828,GAM,Gaming/Gambling/Casino,2011,2,5097391.45112781951
828,GAM,Gaming/Gambling/Casino,2012,1,5238812.20114754256
830,GOV,Government Issues,2022,4,18986589.58540051216
830,GOV,Government Issues,2023,3,16410066.27782754675
830,GOV,Government Issues,2024,2,17059282.12462286678
831,WAS,Waste (hazardous/solid/interstate/nuclear),2017,4,1048712.70540570532
831,WAS,Waste (hazardous/solid/interstate/nuclear),2018,3,994823.79442707823
831,WAS,Waste (hazardous/solid/interstate/nuclear),2019,2,963838.66038349493
831,WAS,Waste (hazardous/solid/interstate/nuclear),2020,1,1448259.51298701288
818,FIR,Firearms/Guns/Ammunition,2011,4,1056111.98337066655
818,FIR,Firearms/Guns/Ammunition,2012,3,1106220.36449106447
818,FIR,Firearms/Guns/Ammunition,2013,2,6876248.57177822166
818,FIR,Firearms/Guns/Ammunition,2014,1,3560166.47089642804
820,FIN,Financial Institutions/Investments/Securities,2024,4,53770772.40227101756
821,TRU,Trucking/Shipping,2019,4,2060508.45971805959
821,TRU,Trucking/Shipping,2020,3,1423892.20552699634
821,TRU,Trucking/Shipping,2021,2,1798098.16916019986
821,TRU,Trucking/Shipping,2022,1,2898412.69220683109
821,TRU,Trucking/Shipping,2022,4,2077877.66767676759
821,TRU,Trucking/Shipping,2023,3,2873979.51335331323
821,TRU,Trucking/Shipping,2024,2,2475512.50543345530
822,FOO,"Food Industry (Safety, Labeling, etc.)",2014,4,7483731.29266457414
822,FOO,"Food Industry (Safety, Labeling, etc.)",2015,3,8381842.77709071934
822,FOO,"Food Industry (Safety, Labeling, etc.)",2016,2,8567848.94699456457
822,FOO,"Food Industry (Safety, Labeling, etc.)",2017,1,6778212.68427712595
822,FOO,"Food Industry (Safety, Labeling, etc.)",2017,4,6537153.89273087990
822,FOO,"Food Industry (Safety, Labeling, etc.)",2018,3,5229680.00867715532
822,FOO,"Food Industry (Safety, Labeling, etc.)",2019,2,5187840.80120524594
822,FOO,"Food Industry (Safety, Labeling, etc.)",2020,1,5547675.19633601656
822,FOO,"Food Industry (Safety, Labeling, etc.)",2020,4,5768279.94676874520
822,FOO,"Food Industry (Safety, Labeling, etc.)",2021,3,5192306.67503778442
822,FOO,"Food Industry (Safety, Labeling, etc.)",2022,2,6295493.62736038435
822,FOO,"Food Industry (Safety, Labeling, etc.)",2023,1,6668860.47524184328
822,FOO,"Food Industry (Safety, Labeling, etc.)",2023,4,6882112.56295044783
822,FOO,"Food Industry (Safety, Labeling, etc.)",2024,3,6722076.44481270318
823,URB,Urban Development/Municipalities,2010,3,2067175.62724040645
823,URB,Urban Development/Municipalities,2011,2,1638908.76887001868
823,URB,Urban Development/Municipalities,2012,1,1524758.76549284027
823,URB,Urban Development/Municipalities,2012,4,1392276.83206150551
823,URB,Urban Development/Municipalities,2013,3,1370087.00810300786
823,URB,Urban Development/Municipalities,2014,2,1438312.16166056145
823,URB,Urban Development/Municipalities,2015,1,1308909.48746808730
823,URB,Urban Development/Municipalities,2015,4,1224943.05938865041
823,URB,Urban Development/Municipalities,2016,3,1457174.10621225165
823,URB,Urban Development/Municipalities,2017,2,1538824.43603618587
823,URB,Urban Development/Municipalities,2018,1,1582937.57509157488
823,URB,Urban Development/Municipalities,2018,4,1984199.56006493489
823,URB,Urban Development/Municipalities,2019,3,1950287.43345543325
823,URB,Urban Development/Municipalities,2020,2,2066167.70104340081
823,URB,Urban Development/Municipalities,2021,1,2682818.37555681018
824,FOR,Foreign Relations,2010,1,10745086.97460173084
824,FOR,Foreign Relations,2010,4,10593469.37913993429
824,FOR,Foreign Relations,2011,3,11961525.57851119422
824,FOR,Foreign Relations,2012,2,12588537.99861529425
824,FOR,Foreign Relations,2013,1,13093372.45920603132
824,FOR,Foreign Relations,2013,4,16629400.00554008745
824,FOR,Foreign Relations,2014,3,11942417.66675341627
824,FOR,Foreign Relations,2015,2,11862076.80072836482
824,FOR,Foreign Relations,2016,1,11225926.69085796887
831,WAS,Waste (hazardous/solid/interstate/nuclear),2020,4,1093666.93160173152
831,WAS,Waste (hazardous/solid/interstate/nuclear),2021,3,1233014.56040976558
831,WAS,Waste (hazardous/solid/interstate/nuclear),2022,2,1230075.58484848477
831,WAS,Waste (hazardous/solid/interstate/nuclear),2023,1,1396377.62698412690
831,WAS,Waste (hazardous/solid/interstate/nuclear),2023,4,1438435.39999999995
831,WAS,Waste (hazardous/solid/interstate/nuclear),2024,3,1057229.73496211382
832,HCR,Health Issues,2012,4,73206879.10096023743
832,HCR,Health Issues,2013,3,70688849.36575852237
832,HCR,Health Issues,2014,2,72118416.06954560469
832,HCR,Health Issues,2015,1,74252612.01500170566
832,HCR,Health Issues,2015,4,67788037.53730419690
832,HCR,Health Issues,2016,3,71431517.80754135660
832,HCR,Health Issues,2017,2,83273360.43221787645
832,HCR,Health Issues,2018,1,86511889.09780363279
832,HCR,Health Issues,2018,4,81410184.15293872551
832,HCR,Health Issues,2019,3,89039575.29295308840
832,HCR,Health Issues,2020,2,100112407.70859809198
832,HCR,Health Issues,2021,1,105450566.33722035386
833,WEL,Welfare,2010,1,898654.87519811812
833,WEL,Welfare,2010,4,1065344.66391941383
833,WEL,Welfare,2011,3,631319.24325966424
833,WEL,Welfare,2012,2,546073.66644417955
833,WEL,Welfare,2013,1,375658.10504251777
833,WEL,Welfare,2013,4,436481.90149162513
833,WEL,Welfare,2014,3,348333.32356020625
833,WEL,Welfare,2015,2,503291.24646537666
833,WEL,Welfare,2016,1,654116.49852950621
833,WEL,Welfare,2016,4,613623.77524671703
833,WEL,Welfare,2017,3,430783.00751712163
833,WEL,Welfare,2018,2,1170443.26024137533
833,WEL,Welfare,2019,1,661768.38703257517
899,!!!DO NOT DELETE!!! This issue binds federal agencies for senate XMLs,,2021,3,40000.00000000000
825,UNM,Unemployment,2010,2,622160.17739566927
825,UNM,Unemployment,2011,1,341106.00482664247
827,UTI,Utilities,2021,4,3720434.36002885990
827,UTI,Utilities,2022,3,3644058.97379744421
827,UTI,Utilities,2023,2,5006060.56177219683
827,UTI,Utilities,2024,1,4014556.78789193243
827,UTI,Utilities,2024,4,3830672.17020593762
828,GAM,Gaming/Gambling/Casino,2016,4,2350871.54029304022
828,GAM,Gaming/Gambling/Casino,2017,3,2768597.71844821839
828,GAM,Gaming/Gambling/Casino,2018,2,3152312.75596625591
828,GAM,Gaming/Gambling/Casino,2019,1,2764927.75763125757
828,GAM,Gaming/Gambling/Casino,2019,4,2962769.74597624591
828,GAM,Gaming/Gambling/Casino,2020,3,1984563.59096459091
828,GAM,Gaming/Gambling/Casino,2021,2,2137700.81318681314
828,GAM,Gaming/Gambling/Casino,2022,1,2074841.71062271057
828,GAM,Gaming/Gambling/Casino,2022,4,2009088.28571428568
828,GAM,Gaming/Gambling/Casino,2023,3,2230598.09523809519
828,GAM,Gaming/Gambling/Casino,2024,2,2165868.76190476184
829,VET,Veterans,2011,4,4077428.00906171259
829,VET,Veterans,2012,3,5123495.02076862429
829,VET,Veterans,2013,2,4361563.00801397141
829,VET,Veterans,2014,1,6176873.61181042571
829,VET,Veterans,2014,4,5593767.77271129999
829,VET,Veterans,2015,3,6409868.60697456096
829,VET,Veterans,2016,2,7670000.20837428776
829,VET,Veterans,2017,1,7645550.34994972312
829,VET,Veterans,2017,4,8444324.71013394350
829,VET,Veterans,2018,3,8377210.50905736369
829,VET,Veterans,2019,2,8266210.11006215952
829,VET,Veterans,2020,1,9833069.23667271497
829,VET,Veterans,2020,4,8436547.77635237947
829,VET,Veterans,2021,3,7851580.46552607992
829,VET,Veterans,2022,2,8708994.09542926237
829,VET,Veterans,2023,1,12020703.45933929799
830,GOV,Government Issues,2010,3,14989146.92106600315
830,GOV,Government Issues,2011,2,13054122.67263164483
830,GOV,Government Issues,2012,1,14883842.11650169482
830,GOV,Government Issues,2012,4,16420607.73285509568
830,GOV,Government Issues,2013,3,12778023.61493157333
830,GOV,Government Issues,2014,2,13275646.27208941149
830,GOV,Government Issues,2015,1,12299229.13816493907
830,GOV,Government Issues,2015,4,12552370.56925476420
830,GOV,Government Issues,2016,3,13242876.33457086458
830,GOV,Government Issues,2017,2,17425485.60768979165
830,GOV,Government Issues,2018,1,20316709.54380991565
831,WAS,Waste (hazardous/solid/interstate/nuclear),2010,1,3663658.58307705353
831,WAS,Waste (hazardous/solid/interstate/nuclear),2010,4,1364111.81461936747
831,WAS,Waste (hazardous/solid/interstate/nuclear),2011,3,1566679.44018204008
831,WAS,Waste (hazardous/solid/interstate/nuclear),2012,2,1844602.50136664088
831,WAS,Waste (hazardous/solid/interstate/nuclear),2013,1,1263084.10244200234
833,WEL,Welfare,2020,4,773405.16312132304
833,WEL,Welfare,2021,3,702399.56245191997
833,WEL,Welfare,2022,2,634073.54530306323
833,WEL,Welfare,2023,1,699993.91644460288
833,WEL,Welfare,2023,4,1157448.81527137995
833,WEL,Welfare,2024,3,687426.87092973126
274245,TAR,Tariff Bills,2011,4,1539909.90798473290
274245,TAR,Tariff Bills,2012,3,2754316.08548542945
274245,TAR,Tariff Bills,2013,2,2443772.23415141781
274245,TAR,Tariff Bills,2014,1,2317926.51404845145
274245,TAR,Tariff Bills,2014,4,1738163.73357480916
274245,TAR,Tariff Bills,2015,3,1937065.25305250295
274245,TAR,Tariff Bills,2016,2,1684290.92458690726
274245,TAR,Tariff Bills,2017,1,1640900.77797202787
274245,TAR,Tariff Bills,2017,4,2160032.10489510475
274245,TAR,Tariff Bills,2018,3,4607711.24818443180
274245,TAR,Tariff Bills,2019,2,3900942.35599123077
274245,TAR,Tariff Bills,2020,1,3494762.05826987749
274245,TAR,Tariff Bills,2020,4,2637717.20898984038
274245,TAR,Tariff Bills,2021,3,2393622.13463007562
274245,TAR,Tariff Bills,2022,2,2381210.27681299592
274245,TAR,Tariff Bills,2023,1,2370533.58967059495
